Workbook

Sheet Sheet1
O1: Memory Reference | U1: Carry, Shift, and Skip Functions
A2: Page | B2: Line | C2: Addr | D2: Data | I2: bit 0 | J2: bits 1-3 | K2: bits 4-6 | L2: bits 7-9 | M2: bits 10-12 | N2: bits 13-15 | O2: decimal, bits 0-4 | P2: Op | Q2: AC | R2: OCTAL, D | S2: X | T2: I | U2: AC SRC | V2: AC DEST | W2: FUNCT | X2: SHIFT | Y2: CARRY | Z2: NO LOAD | AA2: SKIP | AB2: Mem Ref Target | AC2: page 0 | AE2: RELATIVE ADDRESS | AF2: D with sign | AG2: indirect | AI2: load/store | AJ2: JMP, JSR, DSZ, ISZ | AL2: FCN | AM2: SHIFT | AN2: CARRY | AO2: LOAD | AP2: SKIP | AS2: IN OR OUT | AT2: AC | AU2: FUNCT | AV2: F | AW2: I/O ADDR | AX2: ADDR SYM | AY2: I/O OP
A3: 6R | B3: 4 | C3: 1 | D3: 5571 | E3: =_xlfn.XLOOKUP(C3,Sheet2!$N$3:$N$1000,Sheet2!$O$3:$O$1000,"") | F3: =IF(AQ3="******************",IF(P3=0,AH3,IF(P3=3,AR3,IF(P3=1,"LDA "&AI3,IF(P3=2,"STA "&AI3,IF(P3=3,AQ3,AK3))))),AQ3) -> IRET | G3: =DEC2OCT((2*(OCT2DEC(I3*100)+OCT2DEC(J3*10)+K3))+INT(L3/4)) -> 13 | H3: =(MOD(L3,4)*100)+(M3*10)+N3 -> 171 | I3: =MOD(INT(D3/100000),10) -> 0 | J3: =MOD(INT(D3/10000),10) -> 0 | K3: =MOD(INT(D3/1000),10) -> 5 | L3: =MOD(INT(D3/100),10) -> 5 | M3: =MOD(INT(D3/10),10) -> 7 | N3: =MOD(D3,10) -> 1 | O3: =INT(K3/4)+(J3*2)+(I3*16) -> 1 | P3: =(I3*4)+INT(J3/2) -> 0 | Q3: =V3 -> 1 | R3: =(MOD(L3,4)*100)+(M3*10)+N3 -> 171 | S3: =(MOD(K3,2)*2)+INT(L3/4) -> 3 | T3: =MOD(INT(K3/2),2) -> 0 | U3: =INT(J3/2) -> 0 | V3: =(MOD(J3,2)*2)+INT(K3/4) -> 1 | W3: =(MOD(K3,4)*2)+INT(L3/4) -> 3 | X3: =MOD(L3,4) -> 1 | Y3: =INT(M3/2) -> 3 | Z3: =MOD(M3,2) -> 1 | AA3: =N3 -> 1 | AB3: =IF(S3=0,AC3,IF(S3=1,IF(AD3="********",AF3,AD3),AF3&","&TEXT(S3,"0"))) -> +171,3 | AC3: =_xlfn.XLOOKUP(R3,Sheet2!$H$3:$H$258,Sheet2!$I$3:$I$258,"-----") -> C11 | AD3: =_xlfn.XLOOKUP(VALUE(AE3),Sheet2!$N$3:$N$1000,Sheet2!$O$3:$O$1000,"********") -> ******** | AE3: =IF(VALUE(AF3)<0,DEC2OCT(OCT2DEC(VALUE(C3))-OCT2DEC(-VALUE(AF3))),DEC2OCT(OCT2DEC(VALUE(C3))+OCT2DEC(VALUE(AF3)))) -> 172 | AF3: =IF(R3<200,"+"&TEXT(R3,"0"),"-"&TEXT(_xlfn.XLOOKUP(R3,Sheet2!$K$3:$K$130,Sheet2!$L$3:$L$130,"-----"),"0")) -> +171 | AG3: =IF(T3=1,"@","") | AH3: =IF(Q3=0,"JMP "&AJ3, IF(Q3=1,"JSR "&AJ3,IF(Q3=2,"ISZ "&AJ3,"DSZ "&AJ3))) -> JSR +171,3 | AI3: =TEXT(Q3,"0")&","&AG3&AB3 -> 1,+171,3 | AJ3: =AG3&AB3 -> +171,3 | AK3: =AL3&AN3&AM3&AO3&" "&TEXT(U3,"0")&","&TEXT(V3,"0")&AP3 -> INCCL# 0,1,SKP | AL3: =IF(W3=0,"COM",IF(W3=1,"NEG",IF(W3=2,"MOV",IF(W3=3,"INC",IF(W3=4,"ADC",IF(W3=5,"SUB",IF(W3=6,"ADD","AND"))))))) -> INC | AM3: =IF(X3=0,"",IF(X3=1,"L",IF(X3=2,"R","S"))) -> L | AN3: =IF(Y3=0,"",IF(Y3=1,"Z",IF(Y3=2,"O","C"))) -> C | AO3: =IF(Z3=1,"#","") -> # | AP3: =IF(AA3=0,"",IF(AA3=1,",SKP",IF(AA3=2,",SZC",IF(AA3=3,",SNC",IF(AA3=4,",SZR",IF(AA3=5,",SNR",IF(AA3=6,",SEZ",",SBN"))))))) -> ,SKP | AQ3: =_xlfn.XLOOKUP(D3,Sheet2!$E$3:$E$101,Sheet2!$F$3:$F$101,"******************") -> IRET | AR3: =IF(AY3=0,"NIO"&AV3&" "&AX3,IF(AY3=7,AZ3&" "&AX3,AS3&" "&TEXT(AT3,"0")&","&AX3)) -> DIBS 1,** | AS3: =IF(AY3=1,"DIA"&AV3,IF(AY3=2,"DOA"&AV3,IF(AY3=3,"DIB"&AV3,IF(AY3=4,"DOB"&AV3,IF(AY3=5,"DIC"&AV3,"DOC"&AV3))))) -> DIBS | AT3: =V3 -> 1 | AU3: =X3 -> 1 | AV3: =IF(AU3=0,"",IF(AU3=1,"S",IF(AU3=2,"C","P"))) -> S | AW3: =M3*10+N3 -> 71 | AX3: =_xlfn.XLOOKUP(AW3,Sheet2!$Q$3:$Q$66,Sheet2!$R$3:$R$66,"**") -> ** | AY3: =W3 -> 3 | AZ3: =IF(AU3=0,"SKPBN",IF(AU3=1,"SKPBZ",IF(AU3=2,"SKPDN","SKPDZ"))) -> SKPBZ
B4: =B3+1 -> 5 | C4: =IF(MOD(C3,10)=7,C3+3,C3+1) -> 2 | D4: 6251 | E4: =_xlfn.XLOOKUP(C4,Sheet2!$N$3:$N$1000,Sheet2!$O$3:$O$1000,"") | F4: =IF(AQ4="******************",IF(P4=0,AH4,IF(P4=3,AR4,IF(P4=1,"LDA "&AI4,IF(P4=2,"STA "&AI4,IF(P4=3,AQ4,AK4))))),AQ4) -> INIT | G4: =DEC2OCT((2*(OCT2DEC(I4*100)+OCT2DEC(J4*10)+K4))+INT(L4/4)) -> 14 | H4: =(MOD(L4,4)*100)+(M4*10)+N4 -> 251 | I4: =MOD(INT(D4/100000),10) -> 0 | J4: =MOD(INT(D4/10000),10) -> 0 | K4: =MOD(INT(D4/1000),10) -> 6 | L4: =MOD(INT(D4/100),10) -> 2 | M4: =MOD(INT(D4/10),10) -> 5 | N4: =MOD(D4,10) -> 1 | O4: =INT(K4/4)+(J4*2)+(I4*16) -> 1 | P4: =(I4*4)+INT(J4/2) -> 0 | Q4: =V4 -> 1 | R4: =(MOD(L4,4)*100)+(M4*10)+N4 -> 251 | S4: =(MOD(K4,2)*2)+INT(L4/4) -> 0 | T4: =MOD(INT(K4/2),2) -> 1 | U4: =INT(J4/2) -> 0 | V4: =(MOD(J4,2)*2)+INT(K4/4) -> 1 | W4: =(MOD(K4,4)*2)+INT(L4/4) -> 4 | X4: =MOD(L4,4) -> 2 | Y4: =INT(M4/2) -> 2 | Z4: =MOD(M4,2) -> 1 | AA4: =N4 -> 1 | AB4: =IF(S4=0,AC4,IF(S4=1,IF(AD4="********",AF4,AD4),AF4&","&TEXT(S4,"0"))) -> I.INI | AC4: =_xlfn.XLOOKUP(R4,Sheet2!$H$3:$H$258,Sheet2!$I$3:$I$258,"-----") -> I.INI | AD4: =_xlfn.XLOOKUP(VALUE(AE4),Sheet2!$N$3:$N$1000,Sheet2!$O$3:$O$1000,"********") -> ******** | AE4: =IF(VALUE(AF4)<0,DEC2OCT(OCT2DEC(VALUE(C4))-OCT2DEC(-VALUE(AF4))),DEC2OCT(OCT2DEC(VALUE(C4))+OCT2DEC(VALUE(AF4)))) -> 7777777653 | AF4: =IF(R4<200,"+"&TEXT(R4,"0"),"-"&TEXT(_xlfn.XLOOKUP(R4,Sheet2!$K$3:$K$130,Sheet2!$L$3:$L$130,"-----"),"0")) -> -127 | AG4: =IF(T4=1,"@","") -> @ | AH4: =IF(Q4=0,"JMP "&AJ4, IF(Q4=1,"JSR "&AJ4,IF(Q4=2,"ISZ "&AJ4,"DSZ "&AJ4))) -> JSR @I.INI | AI4: =TEXT(Q4,"0")&","&AG4&AB4 -> 1,@I.INI | AJ4: =AG4&AB4 -> @I.INI | AK4: =AL4&AN4&AM4&AO4&" "&TEXT(U4,"0")&","&TEXT(V4,"0")&AP4 -> ADCOR# 0,1,SKP | AL4: =IF(W4=0,"COM",IF(W4=1,"NEG",IF(W4=2,"MOV",IF(W4=3,"INC",IF(W4=4,"ADC",IF(W4=5,"SUB",IF(W4=6,"ADD","AND"))))))) -> ADC | AM4: =IF(X4=0,"",IF(X4=1,"L",IF(X4=2,"R","S"))) -> R | AN4: =IF(Y4=0,"",IF(Y4=1,"Z",IF(Y4=2,"O","C"))) -> O | AO4: =IF(Z4=1,"#","") -> # | AP4: =IF(AA4=0,"",IF(AA4=1,",SKP",IF(AA4=2,",SZC",IF(AA4=3,",SNC",IF(AA4=4,",SZR",IF(AA4=5,",SNR",IF(AA4=6,",SEZ",",SBN"))))))) -> ,SKP | AQ4: =_xlfn.XLOOKUP(D4,Sheet2!$E$3:$E$101,Sheet2!$F$3:$F$101,"******************") -> INIT | AR4: =IF(AY4=0,"NIO"&AV4&" "&AX4,IF(AY4=7,AZ4&" "&AX4,AS4&" "&TEXT(AT4,"0")&","&AX4)) -> DOBC 1,** | AS4: =IF(AY4=1,"DIA"&AV4,IF(AY4=2,"DOA"&AV4,IF(AY4=3,"DIB"&AV4,IF(AY4=4,"DOB"&AV4,IF(AY4=5,"DIC"&AV4,"DOC"&AV4))))) -> DOBC | AT4: =V4 -> 1 | AU4: =X4 -> 2 | AV4: =IF(AU4=0,"",IF(AU4=1,"S",IF(AU4=2,"C","P"))) -> C | AW4: =M4*10+N4 -> 51 | AX4: =_xlfn.XLOOKUP(AW4,Sheet2!$Q$3:$Q$66,Sheet2!$R$3:$R$66,"**") -> ** | AY4: =W4 -> 4 | AZ4: =IF(AU4=0,"SKPBN",IF(AU4=1,"SKPBZ",IF(AU4=2,"SKPDN","SKPDZ"))) -> SKPDN
B5: =B4+1 -> 6 | C5: =IF(MOD(C4,10)=7,C4+3,C4+1) -> 3 | D5: 2007 | E5: =_xlfn.XLOOKUP(C5,Sheet2!$N$3:$N$1000,Sheet2!$O$3:$O$1000,"") | F5: =IF(AQ5="******************",IF(P5=0,AH5,IF(P5=3,AR5,IF(P5=1,"LDA "&AI5,IF(P5=2,"STA "&AI5,IF(P5=3,AQ5,AK5))))),AQ5) -> JMP @TS | G5: =DEC2OCT((2*(OCT2DEC(I5*100)+OCT2DEC(J5*10)+K5))+INT(L5/4)) -> 4 | H5: =(MOD(L5,4)*100)+(M5*10)+N5 -> 7 | I5: =MOD(INT(D5/100000),10) -> 0 | J5: =MOD(INT(D5/10000),10) -> 0 | K5: =MOD(INT(D5/1000),10) -> 2 | L5: =MOD(INT(D5/100),10) -> 0 | M5: =MOD(INT(D5/10),10) -> 0 | N5: =MOD(D5,10) -> 7 | O5: =INT(K5/4)+(J5*2)+(I5*16) -> 0 | P5: =(I5*4)+INT(J5/2) -> 0 | Q5: =V5 -> 0 | R5: =(MOD(L5,4)*100)+(M5*10)+N5 -> 7 | S5: =(MOD(K5,2)*2)+INT(L5/4) -> 0 | T5: =MOD(INT(K5/2),2) -> 1 | U5: =INT(J5/2) -> 0 | V5: =(MOD(J5,2)*2)+INT(K5/4) -> 0 | W5: =(MOD(K5,4)*2)+INT(L5/4) -> 4 | X5: =MOD(L5,4) -> 0 | Y5: =INT(M5/2) -> 0 | Z5: =MOD(M5,2) -> 0 | AA5: =N5 -> 7 | AB5: =IF(S5=0,AC5,IF(S5=1,IF(AD5="********",AF5,AD5),AF5&","&TEXT(S5,"0"))) -> TS | AC5: =_xlfn.XLOOKUP(R5,Sheet2!$H$3:$H$258,Sheet2!$I$3:$I$258,"-----") -> TS | AD5: =_xlfn.XLOOKUP(VALUE(AE5),Sheet2!$N$3:$N$1000,Sheet2!$O$3:$O$1000,"********") -> ******** | AE5: =IF(VALUE(AF5)<0,DEC2OCT(OCT2DEC(VALUE(C5))-OCT2DEC(-VALUE(AF5))),DEC2OCT(OCT2DEC(VALUE(C5))+OCT2DEC(VALUE(AF5)))) -> 12 | AF5: =IF(R5<200,"+"&TEXT(R5,"0"),"-"&TEXT(_xlfn.XLOOKUP(R5,Sheet2!$K$3:$K$130,Sheet2!$L$3:$L$130,"-----"),"0")) -> +7 | AG5: =IF(T5=1,"@","") -> @ | AH5: =IF(Q5=0,"JMP "&AJ5, IF(Q5=1,"JSR "&AJ5,IF(Q5=2,"ISZ "&AJ5,"DSZ "&AJ5))) -> JMP @TS | AI5: =TEXT(Q5,"0")&","&AG5&AB5 -> 0,@TS | AJ5: =AG5&AB5 -> @TS | AK5: =AL5&AN5&AM5&AO5&" "&TEXT(U5,"0")&","&TEXT(V5,"0")&AP5 -> ADC 0,0,SBN | AL5: =IF(W5=0,"COM",IF(W5=1,"NEG",IF(W5=2,"MOV",IF(W5=3,"INC",IF(W5=4,"ADC",IF(W5=5,"SUB",IF(W5=6,"ADD","AND"))))))) -> ADC | AM5: =IF(X5=0,"",IF(X5=1,"L",IF(X5=2,"R","S"))) | AN5: =IF(Y5=0,"",IF(Y5=1,"Z",IF(Y5=2,"O","C"))) | AO5: =IF(Z5=1,"#","") | AP5: =IF(AA5=0,"",IF(AA5=1,",SKP",IF(AA5=2,",SZC",IF(AA5=3,",SNC",IF(AA5=4,",SZR",IF(AA5=5,",SNR",IF(AA5=6,",SEZ",",SBN"))))))) -> ,SBN | AQ5: =_xlfn.XLOOKUP(D5,Sheet2!$E$3:$E$101,Sheet2!$F$3:$F$101,"******************") -> ****************** | AR5: =IF(AY5=0,"NIO"&AV5&" "&AX5,IF(AY5=7,AZ5&" "&AX5,AS5&" "&TEXT(AT5,"0")&","&AX5)) -> DOB 0,MCAR | AS5: =IF(AY5=1,"DIA"&AV5,IF(AY5=2,"DOA"&AV5,IF(AY5=3,"DIB"&AV5,IF(AY5=4,"DOB"&AV5,IF(AY5=5,"DIC"&AV5,"DOC"&AV5))))) -> DOB | AT5: =V5 -> 0 | AU5: =X5 -> 0 | AV5: =IF(AU5=0,"",IF(AU5=1,"S",IF(AU5=2,"C","P"))) | AW5: =M5*10+N5 -> 7 | AX5: =_xlfn.XLOOKUP(AW5,Sheet2!$Q$3:$Q$66,Sheet2!$R$3:$R$66,"**") -> MCAR | AY5: =W5 -> 4 | AZ5: =IF(AU5=0,"SKPBN",IF(AU5=1,"SKPBZ",IF(AU5=2,"SKPDN","SKPDZ"))) -> SKPBN
B6: =B5+1 -> 7 | C6: =IF(MOD(C5,10)=7,C5+3,C5+1) -> 4 | D6: 2244 | E6: =_xlfn.XLOOKUP(C6,Sheet2!$N$3:$N$1000,Sheet2!$O$3:$O$1000,"") | F6: =IF(AQ6="******************",IF(P6=0,AH6,IF(P6=3,AR6,IF(P6=1,"LDA "&AI6,IF(P6=2,"STA "&AI6,IF(P6=3,AQ6,AK6))))),AQ6) -> JMP @IS33 | G6: =DEC2OCT((2*(OCT2DEC(I6*100)+OCT2DEC(J6*10)+K6))+INT(L6/4)) -> 4 | H6: =(MOD(L6,4)*100)+(M6*10)+N6 -> 244 | I6: =MOD(INT(D6/100000),10) -> 0 | J6: =MOD(INT(D6/10000),10) -> 0 | K6: =MOD(INT(D6/1000),10) -> 2 | L6: =MOD(INT(D6/100),10) -> 2 | M6: =MOD(INT(D6/10),10) -> 4 | N6: =MOD(D6,10) -> 4 | O6: =INT(K6/4)+(J6*2)+(I6*16) -> 0 | P6: =(I6*4)+INT(J6/2) -> 0 | Q6: =V6 -> 0 | R6: =(MOD(L6,4)*100)+(M6*10)+N6 -> 244 | S6: =(MOD(K6,2)*2)+INT(L6/4) -> 0 | T6: =MOD(INT(K6/2),2) -> 1 | U6: =INT(J6/2) -> 0 | V6: =(MOD(J6,2)*2)+INT(K6/4) -> 0 | W6: =(MOD(K6,4)*2)+INT(L6/4) -> 4 | X6: =MOD(L6,4) -> 2 | Y6: =INT(M6/2) -> 2 | Z6: =MOD(M6,2) -> 0 | AA6: =N6 -> 4 | AB6: =IF(S6=0,AC6,IF(S6=1,IF(AD6="********",AF6,AD6),AF6&","&TEXT(S6,"0"))) -> IS33 | AC6: =_xlfn.XLOOKUP(R6,Sheet2!$H$3:$H$258,Sheet2!$I$3:$I$258,"-----") -> IS33 | AD6: =_xlfn.XLOOKUP(VALUE(AE6),Sheet2!$N$3:$N$1000,Sheet2!$O$3:$O$1000,"********") -> ******** | AE6: =IF(VALUE(AF6)<0,DEC2OCT(OCT2DEC(VALUE(C6))-OCT2DEC(-VALUE(AF6))),DEC2OCT(OCT2DEC(VALUE(C6))+OCT2DEC(VALUE(AF6)))) -> 7777777650 | AF6: =IF(R6<200,"+"&TEXT(R6,"0"),"-"&TEXT(_xlfn.XLOOKUP(R6,Sheet2!$K$3:$K$130,Sheet2!$L$3:$L$130,"-----"),"0")) -> -134 | AG6: =IF(T6=1,"@","") -> @ | AH6: =IF(Q6=0,"JMP "&AJ6, IF(Q6=1,"JSR "&AJ6,IF(Q6=2,"ISZ "&AJ6,"DSZ "&AJ6))) -> JMP @IS33 | AI6: =TEXT(Q6,"0")&","&AG6&AB6 -> 0,@IS33 | AJ6: =AG6&AB6 -> @IS33 | AK6: =AL6&AN6&AM6&AO6&" "&TEXT(U6,"0")&","&TEXT(V6,"0")&AP6 -> ADCOR 0,0,SZR | AL6: =IF(W6=0,"COM",IF(W6=1,"NEG",IF(W6=2,"MOV",IF(W6=3,"INC",IF(W6=4,"ADC",IF(W6=5,"SUB",IF(W6=6,"ADD","AND"))))))) -> ADC | AM6: =IF(X6=0,"",IF(X6=1,"L",IF(X6=2,"R","S"))) -> R | AN6: =IF(Y6=0,"",IF(Y6=1,"Z",IF(Y6=2,"O","C"))) -> O | AO6: =IF(Z6=1,"#","") | AP6: =IF(AA6=0,"",IF(AA6=1,",SKP",IF(AA6=2,",SZC",IF(AA6=3,",SNC",IF(AA6=4,",SZR",IF(AA6=5,",SNR",IF(AA6=6,",SEZ",",SBN"))))))) -> ,SZR | AQ6: =_xlfn.XLOOKUP(D6,Sheet2!$E$3:$E$101,Sheet2!$F$3:$F$101,"******************") -> ****************** | AR6: =IF(AY6=0,"NIO"&AV6&" "&AX6,IF(AY6=7,AZ6&" "&AX6,AS6&" "&TEXT(AT6,"0")&","&AX6)) -> DOBC 0,** | AS6: =IF(AY6=1,"DIA"&AV6,IF(AY6=2,"DOA"&AV6,IF(AY6=3,"DIB"&AV6,IF(AY6=4,"DOB"&AV6,IF(AY6=5,"DIC"&AV6,"DOC"&AV6))))) -> DOBC | AT6: =V6 -> 0 | AU6: =X6 -> 2 | AV6: =IF(AU6=0,"",IF(AU6=1,"S",IF(AU6=2,"C","P"))) -> C | AW6: =M6*10+N6 -> 44 | AX6: =_xlfn.XLOOKUP(AW6,Sheet2!$Q$3:$Q$66,Sheet2!$R$3:$R$66,"**") -> ** | AY6: =W6 -> 4 | AZ6: =IF(AU6=0,"SKPBN",IF(AU6=1,"SKPBZ",IF(AU6=2,"SKPDN","SKPDZ"))) -> SKPDN
B7: =B6+1 -> 8 | C7: =IF(MOD(C6,10)=7,C6+3,C6+1) -> 5 | D7: 2245 | E7: =_xlfn.XLOOKUP(C7,Sheet2!$N$3:$N$1000,Sheet2!$O$3:$O$1000,"") | F7: =IF(AQ7="******************",IF(P7=0,AH7,IF(P7=3,AR7,IF(P7=1,"LDA "&AI7,IF(P7=2,"STA "&AI7,IF(P7=3,AQ7,AK7))))),AQ7) -> JMP @IS73 | G7: =DEC2OCT((2*(OCT2DEC(I7*100)+OCT2DEC(J7*10)+K7))+INT(L7/4)) -> 4 | H7: =(MOD(L7,4)*100)+(M7*10)+N7 -> 245 | I7: =MOD(INT(D7/100000),10) -> 0 | J7: =MOD(INT(D7/10000),10) -> 0 | K7: =MOD(INT(D7/1000),10) -> 2 | L7: =MOD(INT(D7/100),10) -> 2 | M7: =MOD(INT(D7/10),10) -> 4 | N7: =MOD(D7,10) -> 5 | O7: =INT(K7/4)+(J7*2)+(I7*16) -> 0 | P7: =(I7*4)+INT(J7/2) -> 0 | Q7: =V7 -> 0 | R7: =(MOD(L7,4)*100)+(M7*10)+N7 -> 245 | S7: =(MOD(K7,2)*2)+INT(L7/4) -> 0 | T7: =MOD(INT(K7/2),2) -> 1 | U7: =INT(J7/2) -> 0 | V7: =(MOD(J7,2)*2)+INT(K7/4) -> 0 | W7: =(MOD(K7,4)*2)+INT(L7/4) -> 4 | X7: =MOD(L7,4) -> 2 | Y7: =INT(M7/2) -> 2 | Z7: =MOD(M7,2) -> 0 | AA7: =N7 -> 5 | AB7: =IF(S7=0,AC7,IF(S7=1,IF(AD7="********",AF7,AD7),AF7&","&TEXT(S7,"0"))) -> IS73 | AC7: =_xlfn.XLOOKUP(R7,Sheet2!$H$3:$H$258,Sheet2!$I$3:$I$258,"-----") -> IS73 | AD7: =_xlfn.XLOOKUP(VALUE(AE7),Sheet2!$N$3:$N$1000,Sheet2!$O$3:$O$1000,"********") -> ******** | AE7: =IF(VALUE(AF7)<0,DEC2OCT(OCT2DEC(VALUE(C7))-OCT2DEC(-VALUE(AF7))),DEC2OCT(OCT2DEC(VALUE(C7))+OCT2DEC(VALUE(AF7)))) -> 7777777652 | AF7: =IF(R7<200,"+"&TEXT(R7,"0"),"-"&TEXT(_xlfn.XLOOKUP(R7,Sheet2!$K$3:$K$130,Sheet2!$L$3:$L$130,"-----"),"0")) -> -133 | AG7: =IF(T7=1,"@","") -> @ | AH7: =IF(Q7=0,"JMP "&AJ7, IF(Q7=1,"JSR "&AJ7,IF(Q7=2,"ISZ "&AJ7,"DSZ "&AJ7))) -> JMP @IS73 | AI7: =TEXT(Q7,"0")&","&AG7&AB7 -> 0,@IS73 | AJ7: =AG7&AB7 -> @IS73 | AK7: =AL7&AN7&AM7&AO7&" "&TEXT(U7,"0")&","&TEXT(V7,"0")&AP7 -> ADCOR 0,0,SNR | AL7: =IF(W7=0,"COM",IF(W7=1,"NEG",IF(W7=2,"MOV",IF(W7=3,"INC",IF(W7=4,"ADC",IF(W7=5,"SUB",IF(W7=6,"ADD","AND"))))))) -> ADC | AM7: =IF(X7=0,"",IF(X7=1,"L",IF(X7=2,"R","S"))) -> R | AN7: =IF(Y7=0,"",IF(Y7=1,"Z",IF(Y7=2,"O","C"))) -> O | AO7: =IF(Z7=1,"#","") | AP7: =IF(AA7=0,"",IF(AA7=1,",SKP",IF(AA7=2,",SZC",IF(AA7=3,",SNC",IF(AA7=4,",SZR",IF(AA7=5,",SNR",IF(AA7=6,",SEZ",",SBN"))))))) -> ,SNR | AQ7: =_xlfn.XLOOKUP(D7,Sheet2!$E$3:$E$101,Sheet2!$F$3:$F$101,"******************") -> ****************** | AR7: =IF(AY7=0,"NIO"&AV7&" "&AX7,IF(AY7=7,AZ7&" "&AX7,AS7&" "&TEXT(AT7,"0")&","&AX7)) -> DOBC 0,** | AS7: =IF(AY7=1,"DIA"&AV7,IF(AY7=2,"DOA"&AV7,IF(AY7=3,"DIB"&AV7,IF(AY7=4,"DOB"&AV7,IF(AY7=5,"DIC"&AV7,"DOC"&AV7))))) -> DOBC | AT7: =V7 -> 0 | AU7: =X7 -> 2 | AV7: =IF(AU7=0,"",IF(AU7=1,"S",IF(AU7=2,"C","P"))) -> C | AW7: =M7*10+N7 -> 45 | AX7: =_xlfn.XLOOKUP(AW7,Sheet2!$Q$3:$Q$66,Sheet2!$R$3:$R$66,"**") -> ** | AY7: =W7 -> 4 | AZ7: =IF(AU7=0,"SKPBN",IF(AU7=1,"SKPBZ",IF(AU7=2,"SKPDN","SKPDZ"))) -> SKPDN
B8: =B7+1 -> 9 | C8: =IF(MOD(C7,10)=7,C7+3,C7+1) -> 6 | D8: 2010 | E8: =_xlfn.XLOOKUP(C8,Sheet2!$N$3:$N$1000,Sheet2!$O$3:$O$1000,"") | F8: =IF(AQ8="******************",IF(P8=0,AH8,IF(P8=3,AR8,IF(P8=1,"LDA "&AI8,IF(P8=2,"STA "&AI8,IF(P8=3,AQ8,AK8))))),AQ8) -> JMP @IRDSK | G8: =DEC2OCT((2*(OCT2DEC(I8*100)+OCT2DEC(J8*10)+K8))+INT(L8/4)) -> 4 | H8: =(MOD(L8,4)*100)+(M8*10)+N8 -> 10 | I8: =MOD(INT(D8/100000),10) -> 0 | J8: =MOD(INT(D8/10000),10) -> 0 | K8: =MOD(INT(D8/1000),10) -> 2 | L8: =MOD(INT(D8/100),10) -> 0 | M8: =MOD(INT(D8/10),10) -> 1 | N8: =MOD(D8,10) -> 0 | O8: =INT(K8/4)+(J8*2)+(I8*16) -> 0 | P8: =(I8*4)+INT(J8/2) -> 0 | Q8: =V8 -> 0 | R8: =(MOD(L8,4)*100)+(M8*10)+N8 -> 10 | S8: =(MOD(K8,2)*2)+INT(L8/4) -> 0 | T8: =MOD(INT(K8/2),2) -> 1 | U8: =INT(J8/2) -> 0 | V8: =(MOD(J8,2)*2)+INT(K8/4) -> 0 | W8: =(MOD(K8,4)*2)+INT(L8/4) -> 4 | X8: =MOD(L8,4) -> 0 | Y8: =INT(M8/2) -> 0 | Z8: =MOD(M8,2) -> 1 | AA8: =N8 -> 0 | AB8: =IF(S8=0,AC8,IF(S8=1,IF(AD8="********",AF8,AD8),AF8&","&TEXT(S8,"0"))) -> IRDSK | AC8: =_xlfn.XLOOKUP(R8,Sheet2!$H$3:$H$258,Sheet2!$I$3:$I$258,"-----") -> IRDSK | AD8: =_xlfn.XLOOKUP(VALUE(AE8),Sheet2!$N$3:$N$1000,Sheet2!$O$3:$O$1000,"********") -> ******** | AE8: =IF(VALUE(AF8)<0,DEC2OCT(OCT2DEC(VALUE(C8))-OCT2DEC(-VALUE(AF8))),DEC2OCT(OCT2DEC(VALUE(C8))+OCT2DEC(VALUE(AF8)))) -> 16 | AF8: =IF(R8<200,"+"&TEXT(R8,"0"),"-"&TEXT(_xlfn.XLOOKUP(R8,Sheet2!$K$3:$K$130,Sheet2!$L$3:$L$130,"-----"),"0")) -> +10 | AG8: =IF(T8=1,"@","") -> @ | AH8: =IF(Q8=0,"JMP "&AJ8, IF(Q8=1,"JSR "&AJ8,IF(Q8=2,"ISZ "&AJ8,"DSZ "&AJ8))) -> JMP @IRDSK | AI8: =TEXT(Q8,"0")&","&AG8&AB8 -> 0,@IRDSK | AJ8: =AG8&AB8 -> @IRDSK | AK8: =AL8&AN8&AM8&AO8&" "&TEXT(U8,"0")&","&TEXT(V8,"0")&AP8 -> ADC# 0,0 | AL8: =IF(W8=0,"COM",IF(W8=1,"NEG",IF(W8=2,"MOV",IF(W8=3,"INC",IF(W8=4,"ADC",IF(W8=5,"SUB",IF(W8=6,"ADD","AND"))))))) -> ADC | AM8: =IF(X8=0,"",IF(X8=1,"L",IF(X8=2,"R","S"))) | AN8: =IF(Y8=0,"",IF(Y8=1,"Z",IF(Y8=2,"O","C"))) | AO8: =IF(Z8=1,"#","") -> # | AP8: =IF(AA8=0,"",IF(AA8=1,",SKP",IF(AA8=2,",SZC",IF(AA8=3,",SNC",IF(AA8=4,",SZR",IF(AA8=5,",SNR",IF(AA8=6,",SEZ",",SBN"))))))) | AQ8: =_xlfn.XLOOKUP(D8,Sheet2!$E$3:$E$101,Sheet2!$F$3:$F$101,"******************") -> ****************** | AR8: =IF(AY8=0,"NIO"&AV8&" "&AX8,IF(AY8=7,AZ8&" "&AX8,AS8&" "&TEXT(AT8,"0")&","&AX8)) -> DOB 0,TTI | AS8: =IF(AY8=1,"DIA"&AV8,IF(AY8=2,"DOA"&AV8,IF(AY8=3,"DIB"&AV8,IF(AY8=4,"DOB"&AV8,IF(AY8=5,"DIC"&AV8,"DOC"&AV8))))) -> DOB | AT8: =V8 -> 0 | AU8: =X8 -> 0 | AV8: =IF(AU8=0,"",IF(AU8=1,"S",IF(AU8=2,"C","P"))) | AW8: =M8*10+N8 -> 10 | AX8: =_xlfn.XLOOKUP(AW8,Sheet2!$Q$3:$Q$66,Sheet2!$R$3:$R$66,"**") -> TTI | AY8: =W8 -> 4 | AZ8: =IF(AU8=0,"SKPBN",IF(AU8=1,"SKPBZ",IF(AU8=2,"SKPDN","SKPDZ"))) -> SKPBN
B9: =B8+1 -> 10 | C9: =IF(MOD(C8,10)=7,C8+3,C8+1) -> 7 | D9: 500 | E9: =_xlfn.XLOOKUP(C9,Sheet2!$N$3:$N$1000,Sheet2!$O$3:$O$1000,"") | G9: =DEC2OCT((2*(OCT2DEC(I9*100)+OCT2DEC(J9*10)+K9))+INT(L9/4)) -> 1 | H9: =(MOD(L9,4)*100)+(M9*10)+N9 -> 100 | I9: =MOD(INT(D9/100000),10) -> 0 | J9: =MOD(INT(D9/10000),10) -> 0 | K9: =MOD(INT(D9/1000),10) -> 0 | L9: =MOD(INT(D9/100),10) -> 5 | M9: =MOD(INT(D9/10),10) -> 0 | N9: =MOD(D9,10) -> 0 | O9: =INT(K9/4)+(J9*2)+(I9*16) -> 0 | P9: =(I9*4)+INT(J9/2) -> 0 | Q9: =V9 -> 0 | R9: =(MOD(L9,4)*100)+(M9*10)+N9 -> 100 | S9: =(MOD(K9,2)*2)+INT(L9/4) -> 1 | T9: =MOD(INT(K9/2),2) -> 0 | U9: =INT(J9/2) -> 0 | V9: =(MOD(J9,2)*2)+INT(K9/4) -> 0 | W9: =(MOD(K9,4)*2)+INT(L9/4) -> 1 | X9: =MOD(L9,4) -> 1 | Y9: =INT(M9/2) -> 0 | Z9: =MOD(M9,2) -> 0 | AA9: =N9 -> 0 | AB9: =IF(S9=0,AC9,IF(S9=1,IF(AD9="********",AF9,AD9),AF9&","&TEXT(S9,"0"))) -> +100 | AC9: =_xlfn.XLOOKUP(R9,Sheet2!$H$3:$H$258,Sheet2!$I$3:$I$258,"-----") -> ZB11 | AD9: =_xlfn.XLOOKUP(VALUE(AE9),Sheet2!$N$3:$N$1000,Sheet2!$O$3:$O$1000,"********") -> ******** | AE9: =IF(VALUE(AF9)<0,DEC2OCT(OCT2DEC(VALUE(C9))-OCT2DEC(-VALUE(AF9))),DEC2OCT(OCT2DEC(VALUE(C9))+OCT2DEC(VALUE(AF9)))) -> 107 | AF9: =IF(R9<200,"+"&TEXT(R9,"0"),"-"&TEXT(_xlfn.XLOOKUP(R9,Sheet2!$K$3:$K$130,Sheet2!$L$3:$L$130,"-----"),"0")) -> +100 | AG9: =IF(T9=1,"@","") | AH9: =IF(Q9=0,"JMP "&AJ9, IF(Q9=1,"JSR "&AJ9,IF(Q9=2,"ISZ "&AJ9,"DSZ "&AJ9))) -> JMP +100 | AI9: =TEXT(Q9,"0")&","&AG9&AB9 -> 0,+100 | AJ9: =AG9&AB9 -> +100 | AK9: =AL9&AN9&AM9&AO9&" "&TEXT(U9,"0")&","&TEXT(V9,"0")&AP9 -> NEGL 0,0 | AL9: =IF(W9=0,"COM",IF(W9=1,"NEG",IF(W9=2,"MOV",IF(W9=3,"INC",IF(W9=4,"ADC",IF(W9=5,"SUB",IF(W9=6,"ADD","AND"))))))) -> NEG | AM9: =IF(X9=0,"",IF(X9=1,"L",IF(X9=2,"R","S"))) -> L | AN9: =IF(Y9=0,"",IF(Y9=1,"Z",IF(Y9=2,"O","C"))) | AO9: =IF(Z9=1,"#","") | AP9: =IF(AA9=0,"",IF(AA9=1,",SKP",IF(AA9=2,",SZC",IF(AA9=3,",SNC",IF(AA9=4,",SZR",IF(AA9=5,",SNR",IF(AA9=6,",SEZ",",SBN"))))))) | AQ9: =_xlfn.XLOOKUP(D9,Sheet2!$E$3:$E$101,Sheet2!$F$3:$F$101,"******************") -> ****************** | AR9: =IF(AY9=0,"NIO"&AV9&" "&AX9,IF(AY9=7,AZ9&" "&AX9,AS9&" "&TEXT(AT9,"0")&","&AX9)) -> DIAS 0,0 | AS9: =IF(AY9=1,"DIA"&AV9,IF(AY9=2,"DOA"&AV9,IF(AY9=3,"DIB"&AV9,IF(AY9=4,"DOB"&AV9,IF(AY9=5,"DIC"&AV9,"DOC"&AV9))))) -> DIAS | AT9: =V9 -> 0 | AU9: =X9 -> 1 | AV9: =IF(AU9=0,"",IF(AU9=1,"S",IF(AU9=2,"C","P"))) -> S | AW9: =M9*10+N9 -> 0 | AX9: =_xlfn.XLOOKUP(AW9,Sheet2!$Q$3:$Q$66,Sheet2!$R$3:$R$66,"**") -> 0 | AY9: =W9 -> 1 | AZ9: =IF(AU9=0,"SKPBN",IF(AU9=1,"SKPBZ",IF(AU9=2,"SKPDN","SKPDZ"))) -> SKPBZ
B10: =B9+1 -> 11 | C10: =IF(MOD(C9,10)=7,C9+3,C9+1) -> 10 | D10: 4513 | E10: =_xlfn.XLOOKUP(C10,Sheet2!$N$3:$N$1000,Sheet2!$O$3:$O$1000,"") | G10: =DEC2OCT((2*(OCT2DEC(I10*100)+OCT2DEC(J10*10)+K10))+INT(L10/4)) -> 11 | H10: =(MOD(L10,4)*100)+(M10*10)+N10 -> 113 | I10: =MOD(INT(D10/100000),10) -> 0 | J10: =MOD(INT(D10/10000),10) -> 0 | K10: =MOD(INT(D10/1000),10) -> 4 | L10: =MOD(INT(D10/100),10) -> 5 | M10: =MOD(INT(D10/10),10) -> 1 | N10: =MOD(D10,10) -> 3 | O10: =INT(K10/4)+(J10*2)+(I10*16) -> 1 | P10: =(I10*4)+INT(J10/2) -> 0 | Q10: =V10 -> 1 | R10: =(MOD(L10,4)*100)+(M10*10)+N10 -> 113 | S10: =(MOD(K10,2)*2)+INT(L10/4) -> 1 | T10: =MOD(INT(K10/2),2) -> 0 | U10: =INT(J10/2) -> 0 | V10: =(MOD(J10,2)*2)+INT(K10/4) -> 1 | W10: =(MOD(K10,4)*2)+INT(L10/4) -> 1 | X10: =MOD(L10,4) -> 1 | Y10: =INT(M10/2) -> 0 | Z10: =MOD(M10,2) -> 1 | AA10: =N10 -> 3 | AB10: =IF(S10=0,AC10,IF(S10=1,IF(AD10="********",AF10,AD10),AF10&","&TEXT(S10,"0"))) -> +113 | AC10: =_xlfn.XLOOKUP(R10,Sheet2!$H$3:$H$258,Sheet2!$I$3:$I$258,"-----") -> TRCL | AD10: =_xlfn.XLOOKUP(VALUE(AE10),Sheet2!$N$3:$N$1000,Sheet2!$O$3:$O$1000,"********") -> ******** | AE10: =IF(VALUE(AF10)<0,DEC2OCT(OCT2DEC(VALUE(C10))-OCT2DEC(-VALUE(AF10))),DEC2OCT(OCT2DEC(VALUE(C10))+OCT2DEC(VALUE(AF10)))) -> 123 | AF10: =IF(R10<200,"+"&TEXT(R10,"0"),"-"&TEXT(_xlfn.XLOOKUP(R10,Sheet2!$K$3:$K$130,Sheet2!$L$3:$L$130,"-----"),"0")) -> +113 | AG10: =IF(T10=1,"@","") | AH10: =IF(Q10=0,"JMP "&AJ10, IF(Q10=1,"JSR "&AJ10,IF(Q10=2,"ISZ "&AJ10,"DSZ "&AJ10))) -> JSR +113 | AI10: =TEXT(Q10,"0")&","&AG10&AB10 -> 1,+113 | AJ10: =AG10&AB10 -> +113 | AK10: =AL10&AN10&AM10&AO10&" "&TEXT(U10,"0")&","&TEXT(V10,"0")&AP10 -> NEGL# 0,1,SNC | AL10: =IF(W10=0,"COM",IF(W10=1,"NEG",IF(W10=2,"MOV",IF(W10=3,"INC",IF(W10=4,"ADC",IF(W10=5,"SUB",IF(W10=6,"ADD","AND"))))))) -> NEG | AM10: =IF(X10=0,"",IF(X10=1,"L",IF(X10=2,"R","S"))) -> L | AN10: =IF(Y10=0,"",IF(Y10=1,"Z",IF(Y10=2,"O","C"))) | AO10: =IF(Z10=1,"#","") -> # | AP10: =IF(AA10=0,"",IF(AA10=1,",SKP",IF(AA10=2,",SZC",IF(AA10=3,",SNC",IF(AA10=4,",SZR",IF(AA10=5,",SNR",IF(AA10=6,",SEZ",",SBN"))))))) -> ,SNC | AQ10: =_xlfn.XLOOKUP(D10,Sheet2!$E$3:$E$101,Sheet2!$F$3:$F$101,"******************") -> ****************** | AR10: =IF(AY10=0,"NIO"&AV10&" "&AX10,IF(AY10=7,AZ10&" "&AX10,AS10&" "&TEXT(AT10,"0")&","&AX10)) -> DIAS 1,PTP | AS10: =IF(AY10=1,"DIA"&AV10,IF(AY10=2,"DOA"&AV10,IF(AY10=3,"DIB"&AV10,IF(AY10=4,"DOB"&AV10,IF(AY10=5,"DIC"&AV10,"DOC"&AV10))))) -> DIAS | AT10: =V10 -> 1 | AU10: =X10 -> 1 | AV10: =IF(AU10=0,"",IF(AU10=1,"S",IF(AU10=2,"C","P"))) -> S | AW10: =M10*10+N10 -> 13 | AX10: =_xlfn.XLOOKUP(AW10,Sheet2!$Q$3:$Q$66,Sheet2!$R$3:$R$66,"**") -> PTP | AY10: =W10 -> 1 | AZ10: =IF(AU10=0,"SKPBN",IF(AU10=1,"SKPBZ",IF(AU10=2,"SKPDN","SKPDZ"))) -> SKPBZ
B11: =B10+1 -> 12 | C11: =IF(MOD(C10,10)=7,C10+3,C10+1) -> 11 | D11: 2 | E11: =_xlfn.XLOOKUP(C11,Sheet2!$N$3:$N$1000,Sheet2!$O$3:$O$1000,"") | G11: =DEC2OCT((2*(OCT2DEC(I11*100)+OCT2DEC(J11*10)+K11))+INT(L11/4)) -> 0 | H11: =(MOD(L11,4)*100)+(M11*10)+N11 -> 2 | I11: =MOD(INT(D11/100000),10) -> 0 | J11: =MOD(INT(D11/10000),10) -> 0 | K11: =MOD(INT(D11/1000),10) -> 0 | L11: =MOD(INT(D11/100),10) -> 0 | M11: =MOD(INT(D11/10),10) -> 0 | N11: =MOD(D11,10) -> 2 | O11: =INT(K11/4)+(J11*2)+(I11*16) -> 0 | P11: =(I11*4)+INT(J11/2) -> 0 | Q11: =V11 -> 0 | R11: =(MOD(L11,4)*100)+(M11*10)+N11 -> 2 | S11: =(MOD(K11,2)*2)+INT(L11/4) -> 0 | T11: =MOD(INT(K11/2),2) -> 0 | U11: =INT(J11/2) -> 0 | V11: =(MOD(J11,2)*2)+INT(K11/4) -> 0 | W11: =(MOD(K11,4)*2)+INT(L11/4) -> 0 | X11: =MOD(L11,4) -> 0 | Y11: =INT(M11/2) -> 0 | Z11: =MOD(M11,2) -> 0 | AA11: =N11 -> 2 | AB11: =IF(S11=0,AC11,IF(S11=1,IF(AD11="********",AF11,AD11),AF11&","&TEXT(S11,"0"))) -> ***** | AC11: =_xlfn.XLOOKUP(R11,Sheet2!$H$3:$H$258,Sheet2!$I$3:$I$258,"-----") -> ***** | AD11: =_xlfn.XLOOKUP(VALUE(AE11),Sheet2!$N$3:$N$1000,Sheet2!$O$3:$O$1000,"********") -> ******** | AE11: =IF(VALUE(AF11)<0,DEC2OCT(OCT2DEC(VALUE(C11))-OCT2DEC(-VALUE(AF11))),DEC2OCT(OCT2DEC(VALUE(C11))+OCT2DEC(VALUE(AF11)))) -> 13 | AF11: =IF(R11<200,"+"&TEXT(R11,"0"),"-"&TEXT(_xlfn.XLOOKUP(R11,Sheet2!$K$3:$K$130,Sheet2!$L$3:$L$130,"-----"),"0")) -> +2 | AG11: =IF(T11=1,"@","") | AH11: =IF(Q11=0,"JMP "&AJ11, IF(Q11=1,"JSR "&AJ11,IF(Q11=2,"ISZ "&AJ11,"DSZ "&AJ11))) -> JMP ***** | AI11: =TEXT(Q11,"0")&","&AG11&AB11 -> 0,***** | AJ11: =AG11&AB11 -> ***** | AK11: =AL11&AN11&AM11&AO11&" "&TEXT(U11,"0")&","&TEXT(V11,"0")&AP11 -> COM 0,0,SZC | AL11: =IF(W11=0,"COM",IF(W11=1,"NEG",IF(W11=2,"MOV",IF(W11=3,"INC",IF(W11=4,"ADC",IF(W11=5,"SUB",IF(W11=6,"ADD","AND"))))))) -> COM | AM11: =IF(X11=0,"",IF(X11=1,"L",IF(X11=2,"R","S"))) | AN11: =IF(Y11=0,"",IF(Y11=1,"Z",IF(Y11=2,"O","C"))) | AO11: =IF(Z11=1,"#","") | AP11: =IF(AA11=0,"",IF(AA11=1,",SKP",IF(AA11=2,",SZC",IF(AA11=3,",SNC",IF(AA11=4,",SZR",IF(AA11=5,",SNR",IF(AA11=6,",SEZ",",SBN"))))))) -> ,SZC | AQ11: =_xlfn.XLOOKUP(D11,Sheet2!$E$3:$E$101,Sheet2!$F$3:$F$101,"******************") -> ****************** | AR11: =IF(AY11=0,"NIO"&AV11&" "&AX11,IF(AY11=7,AZ11&" "&AX11,AS11&" "&TEXT(AT11,"0")&","&AX11)) -> NIO MAP0 | AS11: =IF(AY11=1,"DIA"&AV11,IF(AY11=2,"DOA"&AV11,IF(AY11=3,"DIB"&AV11,IF(AY11=4,"DOB"&AV11,IF(AY11=5,"DIC"&AV11,"DOC"&AV11))))) -> DOC | AT11: =V11 -> 0 | AU11: =X11 -> 0 | AV11: =IF(AU11=0,"",IF(AU11=1,"S",IF(AU11=2,"C","P"))) | AW11: =M11*10+N11 -> 2 | AX11: =_xlfn.XLOOKUP(AW11,Sheet2!$Q$3:$Q$66,Sheet2!$R$3:$R$66,"**") -> MAP0 | AY11: =W11 -> 0 | AZ11: =IF(AU11=0,"SKPBN",IF(AU11=1,"SKPBZ",IF(AU11=2,"SKPDN","SKPDZ"))) -> SKPBN
B12: 15 | C12: 45 | D12: 46 | E12: =_xlfn.XLOOKUP(C12,Sheet2!$N$3:$N$1000,Sheet2!$O$3:$O$1000,"") | G12: =DEC2OCT((2*(OCT2DEC(I12*100)+OCT2DEC(J12*10)+K12))+INT(L12/4)) -> 0 | H12: =(MOD(L12,4)*100)+(M12*10)+N12 -> 46 | I12: =MOD(INT(D12/100000),10) -> 0 | J12: =MOD(INT(D12/10000),10) -> 0 | K12: =MOD(INT(D12/1000),10) -> 0 | L12: =MOD(INT(D12/100),10) -> 0 | M12: =MOD(INT(D12/10),10) -> 4 | N12: =MOD(D12,10) -> 6 | O12: =INT(K12/4)+(J12*2)+(I12*16) -> 0 | P12: =(I12*4)+INT(J12/2) -> 0 | Q12: =V12 -> 0 | R12: =(MOD(L12,4)*100)+(M12*10)+N12 -> 46 | S12: =(MOD(K12,2)*2)+INT(L12/4) -> 0 | T12: =MOD(INT(K12/2),2) -> 0 | U12: =INT(J12/2) -> 0 | V12: =(MOD(J12,2)*2)+INT(K12/4) -> 0 | W12: =(MOD(K12,4)*2)+INT(L12/4) -> 0 | X12: =MOD(L12,4) -> 0 | Y12: =INT(M12/2) -> 2 | Z12: =MOD(M12,2) -> 0 | AA12: =N12 -> 6 | AB12: =IF(S12=0,AC12,IF(S12=1,IF(AD12="********",AF12,AD12),AF12&","&TEXT(S12,"0"))) -> EGGS | AC12: =_xlfn.XLOOKUP(R12,Sheet2!$H$3:$H$258,Sheet2!$I$3:$I$258,"-----") -> EGGS | AD12: =_xlfn.XLOOKUP(VALUE(AE12),Sheet2!$N$3:$N$1000,Sheet2!$O$3:$O$1000,"********") -> ******** | AE12: =IF(VALUE(AF12)<0,DEC2OCT(OCT2DEC(VALUE(C12))-OCT2DEC(-VALUE(AF12))),DEC2OCT(OCT2DEC(VALUE(C12))+OCT2DEC(VALUE(AF12)))) -> 113 | AF12: =IF(R12<200,"+"&TEXT(R12,"0"),"-"&TEXT(_xlfn.XLOOKUP(R12,Sheet2!$K$3:$K$130,Sheet2!$L$3:$L$130,"-----"),"0")) -> +46 | AG12: =IF(T12=1,"@","") | AH12: =IF(Q12=0,"JMP "&AJ12, IF(Q12=1,"JSR "&AJ12,IF(Q12=2,"ISZ "&AJ12,"DSZ "&AJ12))) -> JMP EGGS | AI12: =TEXT(Q12,"0")&","&AG12&AB12 -> 0,EGGS | AJ12: =AG12&AB12 -> EGGS | AK12: =AL12&AN12&AM12&AO12&" "&TEXT(U12,"0")&","&TEXT(V12,"0")&AP12 -> COMO 0,0,SEZ | AL12: =IF(W12=0,"COM",IF(W12=1,"NEG",IF(W12=2,"MOV",IF(W12=3,"INC",IF(W12=4,"ADC",IF(W12=5,"SUB",IF(W12=6,"ADD","AND"))))))) -> COM | AM12: =IF(X12=0,"",IF(X12=1,"L",IF(X12=2,"R","S"))) | AN12: =IF(Y12=0,"",IF(Y12=1,"Z",IF(Y12=2,"O","C"))) -> O | AO12: =IF(Z12=1,"#","") | AP12: =IF(AA12=0,"",IF(AA12=1,",SKP",IF(AA12=2,",SZC",IF(AA12=3,",SNC",IF(AA12=4,",SZR",IF(AA12=5,",SNR",IF(AA12=6,",SEZ",",SBN"))))))) -> ,SEZ | AQ12: =_xlfn.XLOOKUP(D12,Sheet2!$E$3:$E$101,Sheet2!$F$3:$F$101,"******************") -> ****************** | AR12: =IF(AY12=0,"NIO"&AV12&" "&AX12,IF(AY12=7,AZ12&" "&AX12,AS12&" "&TEXT(AT12,"0")&","&AX12)) -> NIO ** | AS12: =IF(AY12=1,"DIA"&AV12,IF(AY12=2,"DOA"&AV12,IF(AY12=3,"DIB"&AV12,IF(AY12=4,"DOB"&AV12,IF(AY12=5,"DIC"&AV12,"DOC"&AV12))))) -> DOC | AT12: =V12 -> 0 | AU12: =X12 -> 0 | AV12: =IF(AU12=0,"",IF(AU12=1,"S",IF(AU12=2,"C","P"))) | AW12: =M12*10+N12 -> 46 | AX12: =_xlfn.XLOOKUP(AW12,Sheet2!$Q$3:$Q$66,Sheet2!$R$3:$R$66,"**") -> ** | AY12: =W12 -> 0 | AZ12: =IF(AU12=0,"SKPBN",IF(AU12=1,"SKPBZ",IF(AU12=2,"SKPDN","SKPDZ"))) -> SKPBN
B13: =B12+1 -> 16 | C13: =IF(MOD(C12,10)=7,C12+3,C12+1) -> 46 | D13: 0 | E13: =_xlfn.XLOOKUP(C13,Sheet2!$N$3:$N$1000,Sheet2!$O$3:$O$1000,"") | G13: =DEC2OCT((2*(OCT2DEC(I13*100)+OCT2DEC(J13*10)+K13))+INT(L13/4)) -> 0 | H13: =(MOD(L13,4)*100)+(M13*10)+N13 -> 0 | I13: =MOD(INT(D13/100000),10) -> 0 | J13: =MOD(INT(D13/10000),10) -> 0 | K13: =MOD(INT(D13/1000),10) -> 0 | L13: =MOD(INT(D13/100),10) -> 0 | M13: =MOD(INT(D13/10),10) -> 0 | N13: =MOD(D13,10) -> 0 | O13: =INT(K13/4)+(J13*2)+(I13*16) -> 0 | P13: =(I13*4)+INT(J13/2) -> 0 | Q13: =V13 -> 0 | R13: =(MOD(L13,4)*100)+(M13*10)+N13 -> 0 | S13: =(MOD(K13,2)*2)+INT(L13/4) -> 0 | T13: =MOD(INT(K13/2),2) -> 0 | U13: =INT(J13/2) -> 0 | V13: =(MOD(J13,2)*2)+INT(K13/4) -> 0 | W13: =(MOD(K13,4)*2)+INT(L13/4) -> 0 | X13: =MOD(L13,4) -> 0 | Y13: =INT(M13/2) -> 0 | Z13: =MOD(M13,2) -> 0 | AA13: =N13 -> 0 | AB13: =IF(S13=0,AC13,IF(S13=1,IF(AD13="********",AF13,AD13),AF13&","&TEXT(S13,"0"))) -> 0 | AC13: =_xlfn.XLOOKUP(R13,Sheet2!$H$3:$H$258,Sheet2!$I$3:$I$258,"-----") -> 0 | AD13: =_xlfn.XLOOKUP(VALUE(AE13),Sheet2!$N$3:$N$1000,Sheet2!$O$3:$O$1000,"********") -> ******** | AE13: =IF(VALUE(AF13)<0,DEC2OCT(OCT2DEC(VALUE(C13))-OCT2DEC(-VALUE(AF13))),DEC2OCT(OCT2DEC(VALUE(C13))+OCT2DEC(VALUE(AF13)))) -> 46 | AF13: =IF(R13<200,"+"&TEXT(R13,"0"),"-"&TEXT(_xlfn.XLOOKUP(R13,Sheet2!$K$3:$K$130,Sheet2!$L$3:$L$130,"-----"),"0")) -> +0 | AG13: =IF(T13=1,"@","") | AH13: =IF(Q13=0,"JMP "&AJ13, IF(Q13=1,"JSR "&AJ13,IF(Q13=2,"ISZ "&AJ13,"DSZ "&AJ13))) -> JMP 0 | AI13: =TEXT(Q13,"0")&","&AG13&AB13 -> 0,0 | AJ13: =AG13&AB13 -> 0 | AK13: =AL13&AN13&AM13&AO13&" "&TEXT(U13,"0")&","&TEXT(V13,"0")&AP13 -> COM 0,0 | AL13: =IF(W13=0,"COM",IF(W13=1,"NEG",IF(W13=2,"MOV",IF(W13=3,"INC",IF(W13=4,"ADC",IF(W13=5,"SUB",IF(W13=6,"ADD","AND"))))))) -> COM | AM13: =IF(X13=0,"",IF(X13=1,"L",IF(X13=2,"R","S"))) | AN13: =IF(Y13=0,"",IF(Y13=1,"Z",IF(Y13=2,"O","C"))) | AO13: =IF(Z13=1,"#","") | AP13: =IF(AA13=0,"",IF(AA13=1,",SKP",IF(AA13=2,",SZC",IF(AA13=3,",SNC",IF(AA13=4,",SZR",IF(AA13=5,",SNR",IF(AA13=6,",SEZ",",SBN"))))))) | AQ13: =_xlfn.XLOOKUP(D13,Sheet2!$E$3:$E$101,Sheet2!$F$3:$F$101,"******************") -> 0 | AR13: =IF(AY13=0,"NIO"&AV13&" "&AX13,IF(AY13=7,AZ13&" "&AX13,AS13&" "&TEXT(AT13,"0")&","&AX13)) -> NIO 0 | AS13: =IF(AY13=1,"DIA"&AV13,IF(AY13=2,"DOA"&AV13,IF(AY13=3,"DIB"&AV13,IF(AY13=4,"DOB"&AV13,IF(AY13=5,"DIC"&AV13,"DOC"&AV13))))) -> DOC | AT13: =V13 -> 0 | AU13: =X13 -> 0 | AV13: =IF(AU13=0,"",IF(AU13=1,"S",IF(AU13=2,"C","P"))) | AW13: =M13*10+N13 -> 0 | AX13: =_xlfn.XLOOKUP(AW13,Sheet2!$Q$3:$Q$66,Sheet2!$R$3:$R$66,"**") -> 0 | AY13: =W13 -> 0 | AZ13: =IF(AU13=0,"SKPBN",IF(AU13=1,"SKPBZ",IF(AU13=2,"SKPDN","SKPDZ"))) -> SKPBN
B14: =B13+1 -> 17 | C14: =IF(MOD(C13,10)=7,C13+3,C13+1) -> 47 | D14: 0 | E14: =_xlfn.XLOOKUP(C14,Sheet2!$N$3:$N$1000,Sheet2!$O$3:$O$1000,"") | G14: =DEC2OCT((2*(OCT2DEC(I14*100)+OCT2DEC(J14*10)+K14))+INT(L14/4)) -> 0 | H14: =(MOD(L14,4)*100)+(M14*10)+N14 -> 0 | I14: =MOD(INT(D14/100000),10) -> 0 | J14: =MOD(INT(D14/10000),10) -> 0 | K14: =MOD(INT(D14/1000),10) -> 0 | L14: =MOD(INT(D14/100),10) -> 0 | M14: =MOD(INT(D14/10),10) -> 0 | N14: =MOD(D14,10) -> 0 | O14: =INT(K14/4)+(J14*2)+(I14*16) -> 0 | P14: =(I14*4)+INT(J14/2) -> 0 | Q14: =V14 -> 0 | R14: =(MOD(L14,4)*100)+(M14*10)+N14 -> 0 | S14: =(MOD(K14,2)*2)+INT(L14/4) -> 0 | T14: =MOD(INT(K14/2),2) -> 0 | U14: =INT(J14/2) -> 0 | V14: =(MOD(J14,2)*2)+INT(K14/4) -> 0 | W14: =(MOD(K14,4)*2)+INT(L14/4) -> 0 | X14: =MOD(L14,4) -> 0 | Y14: =INT(M14/2) -> 0 | Z14: =MOD(M14,2) -> 0 | AA14: =N14 -> 0 | AB14: =IF(S14=0,AC14,IF(S14=1,IF(AD14="********",AF14,AD14),AF14&","&TEXT(S14,"0"))) -> 0 | AC14: =_xlfn.XLOOKUP(R14,Sheet2!$H$3:$H$258,Sheet2!$I$3:$I$258,"-----") -> 0 | AD14: =_xlfn.XLOOKUP(VALUE(AE14),Sheet2!$N$3:$N$1000,Sheet2!$O$3:$O$1000,"********") -> ******** | AE14: =IF(VALUE(AF14)<0,DEC2OCT(OCT2DEC(VALUE(C14))-OCT2DEC(-VALUE(AF14))),DEC2OCT(OCT2DEC(VALUE(C14))+OCT2DEC(VALUE(AF14)))) -> 47 | AF14: =IF(R14<200,"+"&TEXT(R14,"0"),"-"&TEXT(_xlfn.XLOOKUP(R14,Sheet2!$K$3:$K$130,Sheet2!$L$3:$L$130,"-----"),"0")) -> +0 | AG14: =IF(T14=1,"@","") | AH14: =IF(Q14=0,"JMP "&AJ14, IF(Q14=1,"JSR "&AJ14,IF(Q14=2,"ISZ "&AJ14,"DSZ "&AJ14))) -> JMP 0 | AI14: =TEXT(Q14,"0")&","&AG14&AB14 -> 0,0 | AJ14: =AG14&AB14 -> 0 | AK14: =AL14&AN14&AM14&AO14&" "&TEXT(U14,"0")&","&TEXT(V14,"0")&AP14 -> COM 0,0 | AL14: =IF(W14=0,"COM",IF(W14=1,"NEG",IF(W14=2,"MOV",IF(W14=3,"INC",IF(W14=4,"ADC",IF(W14=5,"SUB",IF(W14=6,"ADD","AND"))))))) -> COM | AM14: =IF(X14=0,"",IF(X14=1,"L",IF(X14=2,"R","S"))) | AN14: =IF(Y14=0,"",IF(Y14=1,"Z",IF(Y14=2,"O","C"))) | AO14: =IF(Z14=1,"#","") | AP14: =IF(AA14=0,"",IF(AA14=1,",SKP",IF(AA14=2,",SZC",IF(AA14=3,",SNC",IF(AA14=4,",SZR",IF(AA14=5,",SNR",IF(AA14=6,",SEZ",",SBN"))))))) | AQ14: =_xlfn.XLOOKUP(D14,Sheet2!$E$3:$E$101,Sheet2!$F$3:$F$101,"******************") -> 0 | AR14: =IF(AY14=0,"NIO"&AV14&" "&AX14,IF(AY14=7,AZ14&" "&AX14,AS14&" "&TEXT(AT14,"0")&","&AX14)) -> NIO 0 | AS14: =IF(AY14=1,"DIA"&AV14,IF(AY14=2,"DOA"&AV14,IF(AY14=3,"DIB"&AV14,IF(AY14=4,"DOB"&AV14,IF(AY14=5,"DIC"&AV14,"DOC"&AV14))))) -> DOC | AT14: =V14 -> 0 | AU14: =X14 -> 0 | AV14: =IF(AU14=0,"",IF(AU14=1,"S",IF(AU14=2,"C","P"))) | AW14: =M14*10+N14 -> 0 | AX14: =_xlfn.XLOOKUP(AW14,Sheet2!$Q$3:$Q$66,Sheet2!$R$3:$R$66,"**") -> 0 | AY14: =W14 -> 0 | AZ14: =IF(AU14=0,"SKPBN",IF(AU14=1,"SKPBZ",IF(AU14=2,"SKPDN","SKPDZ"))) -> SKPBN
B15: =B14+1 -> 18 | C15: =IF(MOD(C14,10)=7,C14+3,C14+1) -> 50 | D15: 0 | E15: =_xlfn.XLOOKUP(C15,Sheet2!$N$3:$N$1000,Sheet2!$O$3:$O$1000,"") | G15: =DEC2OCT((2*(OCT2DEC(I15*100)+OCT2DEC(J15*10)+K15))+INT(L15/4)) -> 0 | H15: =(MOD(L15,4)*100)+(M15*10)+N15 -> 0 | I15: =MOD(INT(D15/100000),10) -> 0 | J15: =MOD(INT(D15/10000),10) -> 0 | K15: =MOD(INT(D15/1000),10) -> 0 | L15: =MOD(INT(D15/100),10) -> 0 | M15: =MOD(INT(D15/10),10) -> 0 | N15: =MOD(D15,10) -> 0 | O15: =INT(K15/4)+(J15*2)+(I15*16) -> 0 | P15: =(I15*4)+INT(J15/2) -> 0 | Q15: =V15 -> 0 | R15: =(MOD(L15,4)*100)+(M15*10)+N15 -> 0 | S15: =(MOD(K15,2)*2)+INT(L15/4) -> 0 | T15: =MOD(INT(K15/2),2) -> 0 | U15: =INT(J15/2) -> 0 | V15: =(MOD(J15,2)*2)+INT(K15/4) -> 0 | W15: =(MOD(K15,4)*2)+INT(L15/4) -> 0 | X15: =MOD(L15,4) -> 0 | Y15: =INT(M15/2) -> 0 | Z15: =MOD(M15,2) -> 0 | AA15: =N15 -> 0 | AB15: =IF(S15=0,AC15,IF(S15=1,IF(AD15="********",AF15,AD15),AF15&","&TEXT(S15,"0"))) -> 0 | AC15: =_xlfn.XLOOKUP(R15,Sheet2!$H$3:$H$258,Sheet2!$I$3:$I$258,"-----") -> 0 | AD15: =_xlfn.XLOOKUP(VALUE(AE15),Sheet2!$N$3:$N$1000,Sheet2!$O$3:$O$1000,"********") -> ******** | AE15: =IF(VALUE(AF15)<0,DEC2OCT(OCT2DEC(VALUE(C15))-OCT2DEC(-VALUE(AF15))),DEC2OCT(OCT2DEC(VALUE(C15))+OCT2DEC(VALUE(AF15)))) -> 50 | AF15: =IF(R15<200,"+"&TEXT(R15,"0"),"-"&TEXT(_xlfn.XLOOKUP(R15,Sheet2!$K$3:$K$130,Sheet2!$L$3:$L$130,"-----"),"0")) -> +0 | AG15: =IF(T15=1,"@","") | AH15: =IF(Q15=0,"JMP "&AJ15, IF(Q15=1,"JSR "&AJ15,IF(Q15=2,"ISZ "&AJ15,"DSZ "&AJ15))) -> JMP 0 | AI15: =TEXT(Q15,"0")&","&AG15&AB15 -> 0,0 | AJ15: =AG15&AB15 -> 0 | AK15: =AL15&AN15&AM15&AO15&" "&TEXT(U15,"0")&","&TEXT(V15,"0")&AP15 -> COM 0,0 | AL15: =IF(W15=0,"COM",IF(W15=1,"NEG",IF(W15=2,"MOV",IF(W15=3,"INC",IF(W15=4,"ADC",IF(W15=5,"SUB",IF(W15=6,"ADD","AND"))))))) -> COM | AM15: =IF(X15=0,"",IF(X15=1,"L",IF(X15=2,"R","S"))) | AN15: =IF(Y15=0,"",IF(Y15=1,"Z",IF(Y15=2,"O","C"))) | AO15: =IF(Z15=1,"#","") | AP15: =IF(AA15=0,"",IF(AA15=1,",SKP",IF(AA15=2,",SZC",IF(AA15=3,",SNC",IF(AA15=4,",SZR",IF(AA15=5,",SNR",IF(AA15=6,",SEZ",",SBN"))))))) | AQ15: =_xlfn.XLOOKUP(D15,Sheet2!$E$3:$E$101,Sheet2!$F$3:$F$101,"******************") -> 0 | AR15: =IF(AY15=0,"NIO"&AV15&" "&AX15,IF(AY15=7,AZ15&" "&AX15,AS15&" "&TEXT(AT15,"0")&","&AX15)) -> NIO 0 | AS15: =IF(AY15=1,"DIA"&AV15,IF(AY15=2,"DOA"&AV15,IF(AY15=3,"DIB"&AV15,IF(AY15=4,"DOB"&AV15,IF(AY15=5,"DIC"&AV15,"DOC"&AV15))))) -> DOC | AT15: =V15 -> 0 | AU15: =X15 -> 0 | AV15: =IF(AU15=0,"",IF(AU15=1,"S",IF(AU15=2,"C","P"))) | AW15: =M15*10+N15 -> 0 | AX15: =_xlfn.XLOOKUP(AW15,Sheet2!$Q$3:$Q$66,Sheet2!$R$3:$R$66,"**") -> 0 | AY15: =W15 -> 0 | AZ15: =IF(AU15=0,"SKPBN",IF(AU15=1,"SKPBZ",IF(AU15=2,"SKPDN","SKPDZ"))) -> SKPBN
B16: =B15+1 -> 19 | C16: =IF(MOD(C15,10)=7,C15+3,C15+1) -> 51 | D16: 0 | E16: =_xlfn.XLOOKUP(C16,Sheet2!$N$3:$N$1000,Sheet2!$O$3:$O$1000,"") | G16: =DEC2OCT((2*(OCT2DEC(I16*100)+OCT2DEC(J16*10)+K16))+INT(L16/4)) -> 0 | H16: =(MOD(L16,4)*100)+(M16*10)+N16 -> 0 | I16: =MOD(INT(D16/100000),10) -> 0 | J16: =MOD(INT(D16/10000),10) -> 0 | K16: =MOD(INT(D16/1000),10) -> 0 | L16: =MOD(INT(D16/100),10) -> 0 | M16: =MOD(INT(D16/10),10) -> 0 | N16: =MOD(D16,10) -> 0 | O16: =INT(K16/4)+(J16*2)+(I16*16) -> 0 | P16: =(I16*4)+INT(J16/2) -> 0 | Q16: =V16 -> 0 | R16: =(MOD(L16,4)*100)+(M16*10)+N16 -> 0 | S16: =(MOD(K16,2)*2)+INT(L16/4) -> 0 | T16: =MOD(INT(K16/2),2) -> 0 | U16: =INT(J16/2) -> 0 | V16: =(MOD(J16,2)*2)+INT(K16/4) -> 0 | W16: =(MOD(K16,4)*2)+INT(L16/4) -> 0 | X16: =MOD(L16,4) -> 0 | Y16: =INT(M16/2) -> 0 | Z16: =MOD(M16,2) -> 0 | AA16: =N16 -> 0 | AB16: =IF(S16=0,AC16,IF(S16=1,IF(AD16="********",AF16,AD16),AF16&","&TEXT(S16,"0"))) -> 0 | AC16: =_xlfn.XLOOKUP(R16,Sheet2!$H$3:$H$258,Sheet2!$I$3:$I$258,"-----") -> 0 | AD16: =_xlfn.XLOOKUP(VALUE(AE16),Sheet2!$N$3:$N$1000,Sheet2!$O$3:$O$1000,"********") -> ******** | AE16: =IF(VALUE(AF16)<0,DEC2OCT(OCT2DEC(VALUE(C16))-OCT2DEC(-VALUE(AF16))),DEC2OCT(OCT2DEC(VALUE(C16))+OCT2DEC(VALUE(AF16)))) -> 51 | AF16: =IF(R16<200,"+"&TEXT(R16,"0"),"-"&TEXT(_xlfn.XLOOKUP(R16,Sheet2!$K$3:$K$130,Sheet2!$L$3:$L$130,"-----"),"0")) -> +0 | AG16: =IF(T16=1,"@","") | AH16: =IF(Q16=0,"JMP "&AJ16, IF(Q16=1,"JSR "&AJ16,IF(Q16=2,"ISZ "&AJ16,"DSZ "&AJ16))) -> JMP 0 | AI16: =TEXT(Q16,"0")&","&AG16&AB16 -> 0,0 | AJ16: =AG16&AB16 -> 0 | AK16: =AL16&AN16&AM16&AO16&" "&TEXT(U16,"0")&","&TEXT(V16,"0")&AP16 -> COM 0,0 | AL16: =IF(W16=0,"COM",IF(W16=1,"NEG",IF(W16=2,"MOV",IF(W16=3,"INC",IF(W16=4,"ADC",IF(W16=5,"SUB",IF(W16=6,"ADD","AND"))))))) -> COM | AM16: =IF(X16=0,"",IF(X16=1,"L",IF(X16=2,"R","S"))) | AN16: =IF(Y16=0,"",IF(Y16=1,"Z",IF(Y16=2,"O","C"))) | AO16: =IF(Z16=1,"#","") | AP16: =IF(AA16=0,"",IF(AA16=1,",SKP",IF(AA16=2,",SZC",IF(AA16=3,",SNC",IF(AA16=4,",SZR",IF(AA16=5,",SNR",IF(AA16=6,",SEZ",",SBN"))))))) | AQ16: =_xlfn.XLOOKUP(D16,Sheet2!$E$3:$E$101,Sheet2!$F$3:$F$101,"******************") -> 0 | AR16: =IF(AY16=0,"NIO"&AV16&" "&AX16,IF(AY16=7,AZ16&" "&AX16,AS16&" "&TEXT(AT16,"0")&","&AX16)) -> NIO 0 | AS16: =IF(AY16=1,"DIA"&AV16,IF(AY16=2,"DOA"&AV16,IF(AY16=3,"DIB"&AV16,IF(AY16=4,"DOB"&AV16,IF(AY16=5,"DIC"&AV16,"DOC"&AV16))))) -> DOC | AT16: =V16 -> 0 | AU16: =X16 -> 0 | AV16: =IF(AU16=0,"",IF(AU16=1,"S",IF(AU16=2,"C","P"))) | AW16: =M16*10+N16 -> 0 | AX16: =_xlfn.XLOOKUP(AW16,Sheet2!$Q$3:$Q$66,Sheet2!$R$3:$R$66,"**") -> 0 | AY16: =W16 -> 0 | AZ16: =IF(AU16=0,"SKPBN",IF(AU16=1,"SKPBZ",IF(AU16=2,"SKPDN","SKPDZ"))) -> SKPBN
B17: =B16+1 -> 20 | C17: =IF(MOD(C16,10)=7,C16+3,C16+1) -> 52 | D17: 0 | E17: =_xlfn.XLOOKUP(C17,Sheet2!$N$3:$N$1000,Sheet2!$O$3:$O$1000,"") | G17: =DEC2OCT((2*(OCT2DEC(I17*100)+OCT2DEC(J17*10)+K17))+INT(L17/4)) -> 0 | H17: =(MOD(L17,4)*100)+(M17*10)+N17 -> 0 | I17: =MOD(INT(D17/100000),10) -> 0 | J17: =MOD(INT(D17/10000),10) -> 0 | K17: =MOD(INT(D17/1000),10) -> 0 | L17: =MOD(INT(D17/100),10) -> 0 | M17: =MOD(INT(D17/10),10) -> 0 | N17: =MOD(D17,10) -> 0 | O17: =INT(K17/4)+(J17*2)+(I17*16) -> 0 | P17: =(I17*4)+INT(J17/2) -> 0 | Q17: =V17 -> 0 | R17: =(MOD(L17,4)*100)+(M17*10)+N17 -> 0 | S17: =(MOD(K17,2)*2)+INT(L17/4) -> 0 | T17: =MOD(INT(K17/2),2) -> 0 | U17: =INT(J17/2) -> 0 | V17: =(MOD(J17,2)*2)+INT(K17/4) -> 0 | W17: =(MOD(K17,4)*2)+INT(L17/4) -> 0 | X17: =MOD(L17,4) -> 0 | Y17: =INT(M17/2) -> 0 | Z17: =MOD(M17,2) -> 0 | AA17: =N17 -> 0 | AB17: =IF(S17=0,AC17,IF(S17=1,IF(AD17="********",AF17,AD17),AF17&","&TEXT(S17,"0"))) -> 0 | AC17: =_xlfn.XLOOKUP(R17,Sheet2!$H$3:$H$258,Sheet2!$I$3:$I$258,"-----") -> 0 | AD17: =_xlfn.XLOOKUP(VALUE(AE17),Sheet2!$N$3:$N$1000,Sheet2!$O$3:$O$1000,"********") -> ******** | AE17: =IF(VALUE(AF17)<0,DEC2OCT(OCT2DEC(VALUE(C17))-OCT2DEC(-VALUE(AF17))),DEC2OCT(OCT2DEC(VALUE(C17))+OCT2DEC(VALUE(AF17)))) -> 52 | AF17: =IF(R17<200,"+"&TEXT(R17,"0"),"-"&TEXT(_xlfn.XLOOKUP(R17,Sheet2!$K$3:$K$130,Sheet2!$L$3:$L$130,"-----"),"0")) -> +0 | AG17: =IF(T17=1,"@","") | AH17: =IF(Q17=0,"JMP "&AJ17, IF(Q17=1,"JSR "&AJ17,IF(Q17=2,"ISZ "&AJ17,"DSZ "&AJ17))) -> JMP 0 | AI17: =TEXT(Q17,"0")&","&AG17&AB17 -> 0,0 | AJ17: =AG17&AB17 -> 0 | AK17: =AL17&AN17&AM17&AO17&" "&TEXT(U17,"0")&","&TEXT(V17,"0")&AP17 -> COM 0,0 | AL17: =IF(W17=0,"COM",IF(W17=1,"NEG",IF(W17=2,"MOV",IF(W17=3,"INC",IF(W17=4,"ADC",IF(W17=5,"SUB",IF(W17=6,"ADD","AND"))))))) -> COM | AM17: =IF(X17=0,"",IF(X17=1,"L",IF(X17=2,"R","S"))) | AN17: =IF(Y17=0,"",IF(Y17=1,"Z",IF(Y17=2,"O","C"))) | AO17: =IF(Z17=1,"#","") | AP17: =IF(AA17=0,"",IF(AA17=1,",SKP",IF(AA17=2,",SZC",IF(AA17=3,",SNC",IF(AA17=4,",SZR",IF(AA17=5,",SNR",IF(AA17=6,",SEZ",",SBN"))))))) | AQ17: =_xlfn.XLOOKUP(D17,Sheet2!$E$3:$E$101,Sheet2!$F$3:$F$101,"******************") -> 0 | AR17: =IF(AY17=0,"NIO"&AV17&" "&AX17,IF(AY17=7,AZ17&" "&AX17,AS17&" "&TEXT(AT17,"0")&","&AX17)) -> NIO 0 | AS17: =IF(AY17=1,"DIA"&AV17,IF(AY17=2,"DOA"&AV17,IF(AY17=3,"DIB"&AV17,IF(AY17=4,"DOB"&AV17,IF(AY17=5,"DIC"&AV17,"DOC"&AV17))))) -> DOC | AT17: =V17 -> 0 | AU17: =X17 -> 0 | AV17: =IF(AU17=0,"",IF(AU17=1,"S",IF(AU17=2,"C","P"))) | AW17: =M17*10+N17 -> 0 | AX17: =_xlfn.XLOOKUP(AW17,Sheet2!$Q$3:$Q$66,Sheet2!$R$3:$R$66,"**") -> 0 | AY17: =W17 -> 0 | AZ17: =IF(AU17=0,"SKPBN",IF(AU17=1,"SKPBZ",IF(AU17=2,"SKPDN","SKPDZ"))) -> SKPBN
B18: 22 | C18: =IF(MOD(C17,10)=7,C17+3,C17+1) -> 53 | D18: 0 | E18: =_xlfn.XLOOKUP(C18,Sheet2!$N$3:$N$1000,Sheet2!$O$3:$O$1000,"") | G18: =DEC2OCT((2*(OCT2DEC(I18*100)+OCT2DEC(J18*10)+K18))+INT(L18/4)) -> 0 | H18: =(MOD(L18,4)*100)+(M18*10)+N18 -> 0 | I18: =MOD(INT(D18/100000),10) -> 0 | J18: =MOD(INT(D18/10000),10) -> 0 | K18: =MOD(INT(D18/1000),10) -> 0 | L18: =MOD(INT(D18/100),10) -> 0 | M18: =MOD(INT(D18/10),10) -> 0 | N18: =MOD(D18,10) -> 0 | O18: =INT(K18/4)+(J18*2)+(I18*16) -> 0 | P18: =(I18*4)+INT(J18/2) -> 0 | Q18: =V18 -> 0 | R18: =(MOD(L18,4)*100)+(M18*10)+N18 -> 0 | S18: =(MOD(K18,2)*2)+INT(L18/4) -> 0 | T18: =MOD(INT(K18/2),2) -> 0 | U18: =INT(J18/2) -> 0 | V18: =(MOD(J18,2)*2)+INT(K18/4) -> 0 | W18: =(MOD(K18,4)*2)+INT(L18/4) -> 0 | X18: =MOD(L18,4) -> 0 | Y18: =INT(M18/2) -> 0 | Z18: =MOD(M18,2) -> 0 | AA18: =N18 -> 0 | AB18: =IF(S18=0,AC18,IF(S18=1,IF(AD18="********",AF18,AD18),AF18&","&TEXT(S18,"0"))) -> 0 | AC18: =_xlfn.XLOOKUP(R18,Sheet2!$H$3:$H$258,Sheet2!$I$3:$I$258,"-----") -> 0 | AD18: =_xlfn.XLOOKUP(VALUE(AE18),Sheet2!$N$3:$N$1000,Sheet2!$O$3:$O$1000,"********") -> ******** | AE18: =IF(VALUE(AF18)<0,DEC2OCT(OCT2DEC(VALUE(C18))-OCT2DEC(-VALUE(AF18))),DEC2OCT(OCT2DEC(VALUE(C18))+OCT2DEC(VALUE(AF18)))) -> 53 | AF18: =IF(R18<200,"+"&TEXT(R18,"0"),"-"&TEXT(_xlfn.XLOOKUP(R18,Sheet2!$K$3:$K$130,Sheet2!$L$3:$L$130,"-----"),"0")) -> +0 | AG18: =IF(T18=1,"@","") | AH18: =IF(Q18=0,"JMP "&AJ18, IF(Q18=1,"JSR "&AJ18,IF(Q18=2,"ISZ "&AJ18,"DSZ "&AJ18))) -> JMP 0 | AI18: =TEXT(Q18,"0")&","&AG18&AB18 -> 0,0 | AJ18: =AG18&AB18 -> 0 | AK18: =AL18&AN18&AM18&AO18&" "&TEXT(U18,"0")&","&TEXT(V18,"0")&AP18 -> COM 0,0 | AL18: =IF(W18=0,"COM",IF(W18=1,"NEG",IF(W18=2,"MOV",IF(W18=3,"INC",IF(W18=4,"ADC",IF(W18=5,"SUB",IF(W18=6,"ADD","AND"))))))) -> COM | AM18: =IF(X18=0,"",IF(X18=1,"L",IF(X18=2,"R","S"))) | AN18: =IF(Y18=0,"",IF(Y18=1,"Z",IF(Y18=2,"O","C"))) | AO18: =IF(Z18=1,"#","") | AP18: =IF(AA18=0,"",IF(AA18=1,",SKP",IF(AA18=2,",SZC",IF(AA18=3,",SNC",IF(AA18=4,",SZR",IF(AA18=5,",SNR",IF(AA18=6,",SEZ",",SBN"))))))) | AQ18: =_xlfn.XLOOKUP(D18,Sheet2!$E$3:$E$101,Sheet2!$F$3:$F$101,"******************") -> 0 | AR18: =IF(AY18=0,"NIO"&AV18&" "&AX18,IF(AY18=7,AZ18&" "&AX18,AS18&" "&TEXT(AT18,"0")&","&AX18)) -> NIO 0 | AS18: =IF(AY18=1,"DIA"&AV18,IF(AY18=2,"DOA"&AV18,IF(AY18=3,"DIB"&AV18,IF(AY18=4,"DOB"&AV18,IF(AY18=5,"DIC"&AV18,"DOC"&AV18))))) -> DOC | AT18: =V18 -> 0 | AU18: =X18 -> 0 | AV18: =IF(AU18=0,"",IF(AU18=1,"S",IF(AU18=2,"C","P"))) | AW18: =M18*10+N18 -> 0 | AX18: =_xlfn.XLOOKUP(AW18,Sheet2!$Q$3:$Q$66,Sheet2!$R$3:$R$66,"**") -> 0 | AY18: =W18 -> 0 | AZ18: =IF(AU18=0,"SKPBN",IF(AU18=1,"SKPBZ",IF(AU18=2,"SKPDN","SKPDZ"))) -> SKPBN
B19: =B18+1 -> 23 | C19: =IF(MOD(C18,10)=7,C18+3,C18+1) -> 54 | D19: 40000 | E19: =_xlfn.XLOOKUP(C19,Sheet2!$N$3:$N$1000,Sheet2!$O$3:$O$1000,"") | G19: =DEC2OCT((2*(OCT2DEC(I19*100)+OCT2DEC(J19*10)+K19))+INT(L19/4)) -> 100 | H19: =(MOD(L19,4)*100)+(M19*10)+N19 -> 0 | I19: =MOD(INT(D19/100000),10) -> 0 | J19: =MOD(INT(D19/10000),10) -> 4 | K19: =MOD(INT(D19/1000),10) -> 0 | L19: =MOD(INT(D19/100),10) -> 0 | M19: =MOD(INT(D19/10),10) -> 0 | N19: =MOD(D19,10) -> 0 | O19: =INT(K19/4)+(J19*2)+(I19*16) -> 8 | P19: =(I19*4)+INT(J19/2) -> 2 | Q19: =V19 -> 0 | R19: =(MOD(L19,4)*100)+(M19*10)+N19 -> 0 | S19: =(MOD(K19,2)*2)+INT(L19/4) -> 0 | T19: =MOD(INT(K19/2),2) -> 0 | U19: =INT(J19/2) -> 2 | V19: =(MOD(J19,2)*2)+INT(K19/4) -> 0 | W19: =(MOD(K19,4)*2)+INT(L19/4) -> 0 | X19: =MOD(L19,4) -> 0 | Y19: =INT(M19/2) -> 0 | Z19: =MOD(M19,2) -> 0 | AA19: =N19 -> 0 | AB19: =IF(S19=0,AC19,IF(S19=1,IF(AD19="********",AF19,AD19),AF19&","&TEXT(S19,"0"))) -> 0 | AC19: =_xlfn.XLOOKUP(R19,Sheet2!$H$3:$H$258,Sheet2!$I$3:$I$258,"-----") -> 0 | AD19: =_xlfn.XLOOKUP(VALUE(AE19),Sheet2!$N$3:$N$1000,Sheet2!$O$3:$O$1000,"********") -> ******** | AE19: =IF(VALUE(AF19)<0,DEC2OCT(OCT2DEC(VALUE(C19))-OCT2DEC(-VALUE(AF19))),DEC2OCT(OCT2DEC(VALUE(C19))+OCT2DEC(VALUE(AF19)))) -> 54 | AF19: =IF(R19<200,"+"&TEXT(R19,"0"),"-"&TEXT(_xlfn.XLOOKUP(R19,Sheet2!$K$3:$K$130,Sheet2!$L$3:$L$130,"-----"),"0")) -> +0 | AG19: =IF(T19=1,"@","") | AH19: =IF(Q19=0,"JMP "&AJ19, IF(Q19=1,"JSR "&AJ19,IF(Q19=2,"ISZ "&AJ19,"DSZ "&AJ19))) -> JMP 0 | AI19: =TEXT(Q19,"0")&","&AG19&AB19 -> 0,0 | AJ19: =AG19&AB19 -> 0 | AK19: =AL19&AN19&AM19&AO19&" "&TEXT(U19,"0")&","&TEXT(V19,"0")&AP19 -> COM 2,0 | AL19: =IF(W19=0,"COM",IF(W19=1,"NEG",IF(W19=2,"MOV",IF(W19=3,"INC",IF(W19=4,"ADC",IF(W19=5,"SUB",IF(W19=6,"ADD","AND"))))))) -> COM | AM19: =IF(X19=0,"",IF(X19=1,"L",IF(X19=2,"R","S"))) | AN19: =IF(Y19=0,"",IF(Y19=1,"Z",IF(Y19=2,"O","C"))) | AO19: =IF(Z19=1,"#","") | AP19: =IF(AA19=0,"",IF(AA19=1,",SKP",IF(AA19=2,",SZC",IF(AA19=3,",SNC",IF(AA19=4,",SZR",IF(AA19=5,",SNR",IF(AA19=6,",SEZ",",SBN"))))))) | AQ19: =_xlfn.XLOOKUP(D19,Sheet2!$E$3:$E$101,Sheet2!$F$3:$F$101,"******************") -> ****************** | AR19: =IF(AY19=0,"NIO"&AV19&" "&AX19,IF(AY19=7,AZ19&" "&AX19,AS19&" "&TEXT(AT19,"0")&","&AX19)) -> NIO 0 | AS19: =IF(AY19=1,"DIA"&AV19,IF(AY19=2,"DOA"&AV19,IF(AY19=3,"DIB"&AV19,IF(AY19=4,"DOB"&AV19,IF(AY19=5,"DIC"&AV19,"DOC"&AV19))))) -> DOC | AT19: =V19 -> 0 | AU19: =X19 -> 0 | AV19: =IF(AU19=0,"",IF(AU19=1,"S",IF(AU19=2,"C","P"))) | AW19: =M19*10+N19 -> 0 | AX19: =_xlfn.XLOOKUP(AW19,Sheet2!$Q$3:$Q$66,Sheet2!$R$3:$R$66,"**") -> 0 | AY19: =W19 -> 0 | AZ19: =IF(AU19=0,"SKPBN",IF(AU19=1,"SKPBZ",IF(AU19=2,"SKPDN","SKPDZ"))) -> SKPBN
B20: =B19+1 -> 24 | C20: =IF(MOD(C19,10)=7,C19+3,C19+1) -> 55 | D20: 100000 | E20: =_xlfn.XLOOKUP(C20,Sheet2!$N$3:$N$1000,Sheet2!$O$3:$O$1000,"") | G20: =DEC2OCT((2*(OCT2DEC(I20*100)+OCT2DEC(J20*10)+K20))+INT(L20/4)) -> 200 | H20: =(MOD(L20,4)*100)+(M20*10)+N20 -> 0 | I20: =MOD(INT(D20/100000),10) -> 1 | J20: =MOD(INT(D20/10000),10) -> 0 | K20: =MOD(INT(D20/1000),10) -> 0 | L20: =MOD(INT(D20/100),10) -> 0 | M20: =MOD(INT(D20/10),10) -> 0 | N20: =MOD(D20,10) -> 0 | O20: =INT(K20/4)+(J20*2)+(I20*16) -> 16 | P20: =(I20*4)+INT(J20/2) -> 4 | Q20: =V20 -> 0 | R20: =(MOD(L20,4)*100)+(M20*10)+N20 -> 0 | S20: =(MOD(K20,2)*2)+INT(L20/4) -> 0 | T20: =MOD(INT(K20/2),2) -> 0 | U20: =INT(J20/2) -> 0 | V20: =(MOD(J20,2)*2)+INT(K20/4) -> 0 | W20: =(MOD(K20,4)*2)+INT(L20/4) -> 0 | X20: =MOD(L20,4) -> 0 | Y20: =INT(M20/2) -> 0 | Z20: =MOD(M20,2) -> 0 | AA20: =N20 -> 0 | AB20: =IF(S20=0,AC20,IF(S20=1,IF(AD20="********",AF20,AD20),AF20&","&TEXT(S20,"0"))) -> 0 | AC20: =_xlfn.XLOOKUP(R20,Sheet2!$H$3:$H$258,Sheet2!$I$3:$I$258,"-----") -> 0 | AD20: =_xlfn.XLOOKUP(VALUE(AE20),Sheet2!$N$3:$N$1000,Sheet2!$O$3:$O$1000,"********") -> ******** | AE20: =IF(VALUE(AF20)<0,DEC2OCT(OCT2DEC(VALUE(C20))-OCT2DEC(-VALUE(AF20))),DEC2OCT(OCT2DEC(VALUE(C20))+OCT2DEC(VALUE(AF20)))) -> 55 | AF20: =IF(R20<200,"+"&TEXT(R20,"0"),"-"&TEXT(_xlfn.XLOOKUP(R20,Sheet2!$K$3:$K$130,Sheet2!$L$3:$L$130,"-----"),"0")) -> +0 | AG20: =IF(T20=1,"@","") | AH20: =IF(Q20=0,"JMP "&AJ20, IF(Q20=1,"JSR "&AJ20,IF(Q20=2,"ISZ "&AJ20,"DSZ "&AJ20))) -> JMP 0 | AI20: =TEXT(Q20,"0")&","&AG20&AB20 -> 0,0 | AJ20: =AG20&AB20 -> 0 | AK20: =AL20&AN20&AM20&AO20&" "&TEXT(U20,"0")&","&TEXT(V20,"0")&AP20 -> COM 0,0 | AL20: =IF(W20=0,"COM",IF(W20=1,"NEG",IF(W20=2,"MOV",IF(W20=3,"INC",IF(W20=4,"ADC",IF(W20=5,"SUB",IF(W20=6,"ADD","AND"))))))) -> COM | AM20: =IF(X20=0,"",IF(X20=1,"L",IF(X20=2,"R","S"))) | AN20: =IF(Y20=0,"",IF(Y20=1,"Z",IF(Y20=2,"O","C"))) | AO20: =IF(Z20=1,"#","") | AP20: =IF(AA20=0,"",IF(AA20=1,",SKP",IF(AA20=2,",SZC",IF(AA20=3,",SNC",IF(AA20=4,",SZR",IF(AA20=5,",SNR",IF(AA20=6,",SEZ",",SBN"))))))) | AQ20: =_xlfn.XLOOKUP(D20,Sheet2!$E$3:$E$101,Sheet2!$F$3:$F$101,"******************") -> ****************** | AR20: =IF(AY20=0,"NIO"&AV20&" "&AX20,IF(AY20=7,AZ20&" "&AX20,AS20&" "&TEXT(AT20,"0")&","&AX20)) -> NIO 0 | AS20: =IF(AY20=1,"DIA"&AV20,IF(AY20=2,"DOA"&AV20,IF(AY20=3,"DIB"&AV20,IF(AY20=4,"DOB"&AV20,IF(AY20=5,"DIC"&AV20,"DOC"&AV20))))) -> DOC | AT20: =V20 -> 0 | AU20: =X20 -> 0 | AV20: =IF(AU20=0,"",IF(AU20=1,"S",IF(AU20=2,"C","P"))) | AW20: =M20*10+N20 -> 0 | AX20: =_xlfn.XLOOKUP(AW20,Sheet2!$Q$3:$Q$66,Sheet2!$R$3:$R$66,"**") -> 0 | AY20: =W20 -> 0 | AZ20: =IF(AU20=0,"SKPBN",IF(AU20=1,"SKPBZ",IF(AU20=2,"SKPDN","SKPDZ"))) -> SKPBN
B21: =B20+1 -> 25 | C21: =IF(MOD(C20,10)=7,C20+3,C20+1) -> 56 | D21: 140000 | E21: =_xlfn.XLOOKUP(C21,Sheet2!$N$3:$N$1000,Sheet2!$O$3:$O$1000,"") | G21: =DEC2OCT((2*(OCT2DEC(I21*100)+OCT2DEC(J21*10)+K21))+INT(L21/4)) -> 300 | H21: =(MOD(L21,4)*100)+(M21*10)+N21 -> 0 | I21: =MOD(INT(D21/100000),10) -> 1 | J21: =MOD(INT(D21/10000),10) -> 4 | K21: =MOD(INT(D21/1000),10) -> 0 | L21: =MOD(INT(D21/100),10) -> 0 | M21: =MOD(INT(D21/10),10) -> 0 | N21: =MOD(D21,10) -> 0 | O21: =INT(K21/4)+(J21*2)+(I21*16) -> 24 | P21: =(I21*4)+INT(J21/2) -> 6 | Q21: =V21 -> 0 | R21: =(MOD(L21,4)*100)+(M21*10)+N21 -> 0 | S21: =(MOD(K21,2)*2)+INT(L21/4) -> 0 | T21: =MOD(INT(K21/2),2) -> 0 | U21: =INT(J21/2) -> 2 | V21: =(MOD(J21,2)*2)+INT(K21/4) -> 0 | W21: =(MOD(K21,4)*2)+INT(L21/4) -> 0 | X21: =MOD(L21,4) -> 0 | Y21: =INT(M21/2) -> 0 | Z21: =MOD(M21,2) -> 0 | AA21: =N21 -> 0 | AB21: =IF(S21=0,AC21,IF(S21=1,IF(AD21="********",AF21,AD21),AF21&","&TEXT(S21,"0"))) -> 0 | AC21: =_xlfn.XLOOKUP(R21,Sheet2!$H$3:$H$258,Sheet2!$I$3:$I$258,"-----") -> 0 | AD21: =_xlfn.XLOOKUP(VALUE(AE21),Sheet2!$N$3:$N$1000,Sheet2!$O$3:$O$1000,"********") -> ******** | AE21: =IF(VALUE(AF21)<0,DEC2OCT(OCT2DEC(VALUE(C21))-OCT2DEC(-VALUE(AF21))),DEC2OCT(OCT2DEC(VALUE(C21))+OCT2DEC(VALUE(AF21)))) -> 56 | AF21: =IF(R21<200,"+"&TEXT(R21,"0"),"-"&TEXT(_xlfn.XLOOKUP(R21,Sheet2!$K$3:$K$130,Sheet2!$L$3:$L$130,"-----"),"0")) -> +0 | AG21: =IF(T21=1,"@","") | AH21: =IF(Q21=0,"JMP "&AJ21, IF(Q21=1,"JSR "&AJ21,IF(Q21=2,"ISZ "&AJ21,"DSZ "&AJ21))) -> JMP 0 | AI21: =TEXT(Q21,"0")&","&AG21&AB21 -> 0,0 | AJ21: =AG21&AB21 -> 0 | AK21: =AL21&AN21&AM21&AO21&" "&TEXT(U21,"0")&","&TEXT(V21,"0")&AP21 -> COM 2,0 | AL21: =IF(W21=0,"COM",IF(W21=1,"NEG",IF(W21=2,"MOV",IF(W21=3,"INC",IF(W21=4,"ADC",IF(W21=5,"SUB",IF(W21=6,"ADD","AND"))))))) -> COM | AM21: =IF(X21=0,"",IF(X21=1,"L",IF(X21=2,"R","S"))) | AN21: =IF(Y21=0,"",IF(Y21=1,"Z",IF(Y21=2,"O","C"))) | AO21: =IF(Z21=1,"#","") | AP21: =IF(AA21=0,"",IF(AA21=1,",SKP",IF(AA21=2,",SZC",IF(AA21=3,",SNC",IF(AA21=4,",SZR",IF(AA21=5,",SNR",IF(AA21=6,",SEZ",",SBN"))))))) | AQ21: =_xlfn.XLOOKUP(D21,Sheet2!$E$3:$E$101,Sheet2!$F$3:$F$101,"******************") -> ****************** | AR21: =IF(AY21=0,"NIO"&AV21&" "&AX21,IF(AY21=7,AZ21&" "&AX21,AS21&" "&TEXT(AT21,"0")&","&AX21)) -> NIO 0 | AS21: =IF(AY21=1,"DIA"&AV21,IF(AY21=2,"DOA"&AV21,IF(AY21=3,"DIB"&AV21,IF(AY21=4,"DOB"&AV21,IF(AY21=5,"DIC"&AV21,"DOC"&AV21))))) -> DOC | AT21: =V21 -> 0 | AU21: =X21 -> 0 | AV21: =IF(AU21=0,"",IF(AU21=1,"S",IF(AU21=2,"C","P"))) | AW21: =M21*10+N21 -> 0 | AX21: =_xlfn.XLOOKUP(AW21,Sheet2!$Q$3:$Q$66,Sheet2!$R$3:$R$66,"**") -> 0 | AY21: =W21 -> 0 | AZ21: =IF(AU21=0,"SKPBN",IF(AU21=1,"SKPBZ",IF(AU21=2,"SKPDN","SKPDZ"))) -> SKPBN
B22: =B21+1 -> 26 | C22: =IF(MOD(C21,10)=7,C21+3,C21+1) -> 57 | D22: 1 | E22: =_xlfn.XLOOKUP(C22,Sheet2!$N$3:$N$1000,Sheet2!$O$3:$O$1000,"") | G22: =DEC2OCT((2*(OCT2DEC(I22*100)+OCT2DEC(J22*10)+K22))+INT(L22/4)) -> 0 | H22: =(MOD(L22,4)*100)+(M22*10)+N22 -> 1 | I22: =MOD(INT(D22/100000),10) -> 0 | J22: =MOD(INT(D22/10000),10) -> 0 | K22: =MOD(INT(D22/1000),10) -> 0 | L22: =MOD(INT(D22/100),10) -> 0 | M22: =MOD(INT(D22/10),10) -> 0 | N22: =MOD(D22,10) -> 1 | O22: =INT(K22/4)+(J22*2)+(I22*16) -> 0 | P22: =(I22*4)+INT(J22/2) -> 0 | Q22: =V22 -> 0 | R22: =(MOD(L22,4)*100)+(M22*10)+N22 -> 1 | S22: =(MOD(K22,2)*2)+INT(L22/4) -> 0 | T22: =MOD(INT(K22/2),2) -> 0 | U22: =INT(J22/2) -> 0 | V22: =(MOD(J22,2)*2)+INT(K22/4) -> 0 | W22: =(MOD(K22,4)*2)+INT(L22/4) -> 0 | X22: =MOD(L22,4) -> 0 | Y22: =INT(M22/2) -> 0 | Z22: =MOD(M22,2) -> 0 | AA22: =N22 -> 1 | AB22: =IF(S22=0,AC22,IF(S22=1,IF(AD22="********",AF22,AD22),AF22&","&TEXT(S22,"0"))) -> 1 | AC22: =_xlfn.XLOOKUP(R22,Sheet2!$H$3:$H$258,Sheet2!$I$3:$I$258,"-----") -> 1 | AD22: =_xlfn.XLOOKUP(VALUE(AE22),Sheet2!$N$3:$N$1000,Sheet2!$O$3:$O$1000,"********") -> ******** | AE22: =IF(VALUE(AF22)<0,DEC2OCT(OCT2DEC(VALUE(C22))-OCT2DEC(-VALUE(AF22))),DEC2OCT(OCT2DEC(VALUE(C22))+OCT2DEC(VALUE(AF22)))) -> 60 | AF22: =IF(R22<200,"+"&TEXT(R22,"0"),"-"&TEXT(_xlfn.XLOOKUP(R22,Sheet2!$K$3:$K$130,Sheet2!$L$3:$L$130,"-----"),"0")) -> +1 | AG22: =IF(T22=1,"@","") | AH22: =IF(Q22=0,"JMP "&AJ22, IF(Q22=1,"JSR "&AJ22,IF(Q22=2,"ISZ "&AJ22,"DSZ "&AJ22))) -> JMP 1 | AI22: =TEXT(Q22,"0")&","&AG22&AB22 -> 0,1 | AJ22: =AG22&AB22 -> 1 | AK22: =AL22&AN22&AM22&AO22&" "&TEXT(U22,"0")&","&TEXT(V22,"0")&AP22 -> COM 0,0,SKP | AL22: =IF(W22=0,"COM",IF(W22=1,"NEG",IF(W22=2,"MOV",IF(W22=3,"INC",IF(W22=4,"ADC",IF(W22=5,"SUB",IF(W22=6,"ADD","AND"))))))) -> COM | AM22: =IF(X22=0,"",IF(X22=1,"L",IF(X22=2,"R","S"))) | AN22: =IF(Y22=0,"",IF(Y22=1,"Z",IF(Y22=2,"O","C"))) | AO22: =IF(Z22=1,"#","") | AP22: =IF(AA22=0,"",IF(AA22=1,",SKP",IF(AA22=2,",SZC",IF(AA22=3,",SNC",IF(AA22=4,",SZR",IF(AA22=5,",SNR",IF(AA22=6,",SEZ",",SBN"))))))) -> ,SKP | AQ22: =_xlfn.XLOOKUP(D22,Sheet2!$E$3:$E$101,Sheet2!$F$3:$F$101,"******************") -> ****************** | AR22: =IF(AY22=0,"NIO"&AV22&" "&AX22,IF(AY22=7,AZ22&" "&AX22,AS22&" "&TEXT(AT22,"0")&","&AX22)) -> NIO MDV | AS22: =IF(AY22=1,"DIA"&AV22,IF(AY22=2,"DOA"&AV22,IF(AY22=3,"DIB"&AV22,IF(AY22=4,"DOB"&AV22,IF(AY22=5,"DIC"&AV22,"DOC"&AV22))))) -> DOC | AT22: =V22 -> 0 | AU22: =X22 -> 0 | AV22: =IF(AU22=0,"",IF(AU22=1,"S",IF(AU22=2,"C","P"))) | AW22: =M22*10+N22 -> 1 | AX22: =_xlfn.XLOOKUP(AW22,Sheet2!$Q$3:$Q$66,Sheet2!$R$3:$R$66,"**") -> MDV | AY22: =W22 -> 0 | AZ22: =IF(AU22=0,"SKPBN",IF(AU22=1,"SKPBZ",IF(AU22=2,"SKPDN","SKPDZ"))) -> SKPBN
B23: =B22+1 -> 27 | C23: =IF(MOD(C22,10)=7,C22+3,C22+1) -> 60 | D23: 2 | E23: =_xlfn.XLOOKUP(C23,Sheet2!$N$3:$N$1000,Sheet2!$O$3:$O$1000,"") | G23: =DEC2OCT((2*(OCT2DEC(I23*100)+OCT2DEC(J23*10)+K23))+INT(L23/4)) -> 0 | H23: =(MOD(L23,4)*100)+(M23*10)+N23 -> 2 | I23: =MOD(INT(D23/100000),10) -> 0 | J23: =MOD(INT(D23/10000),10) -> 0 | K23: =MOD(INT(D23/1000),10) -> 0 | L23: =MOD(INT(D23/100),10) -> 0 | M23: =MOD(INT(D23/10),10) -> 0 | N23: =MOD(D23,10) -> 2 | O23: =INT(K23/4)+(J23*2)+(I23*16) -> 0 | P23: =(I23*4)+INT(J23/2) -> 0 | Q23: =V23 -> 0 | R23: =(MOD(L23,4)*100)+(M23*10)+N23 -> 2 | S23: =(MOD(K23,2)*2)+INT(L23/4) -> 0 | T23: =MOD(INT(K23/2),2) -> 0 | U23: =INT(J23/2) -> 0 | V23: =(MOD(J23,2)*2)+INT(K23/4) -> 0 | W23: =(MOD(K23,4)*2)+INT(L23/4) -> 0 | X23: =MOD(L23,4) -> 0 | Y23: =INT(M23/2) -> 0 | Z23: =MOD(M23,2) -> 0 | AA23: =N23 -> 2 | AB23: =IF(S23=0,AC23,IF(S23=1,IF(AD23="********",AF23,AD23),AF23&","&TEXT(S23,"0"))) -> ***** | AC23: =_xlfn.XLOOKUP(R23,Sheet2!$H$3:$H$258,Sheet2!$I$3:$I$258,"-----") -> ***** | AD23: =_xlfn.XLOOKUP(VALUE(AE23),Sheet2!$N$3:$N$1000,Sheet2!$O$3:$O$1000,"********") -> ******** | AE23: =IF(VALUE(AF23)<0,DEC2OCT(OCT2DEC(VALUE(C23))-OCT2DEC(-VALUE(AF23))),DEC2OCT(OCT2DEC(VALUE(C23))+OCT2DEC(VALUE(AF23)))) -> 62 | AF23: =IF(R23<200,"+"&TEXT(R23,"0"),"-"&TEXT(_xlfn.XLOOKUP(R23,Sheet2!$K$3:$K$130,Sheet2!$L$3:$L$130,"-----"),"0")) -> +2 | AG23: =IF(T23=1,"@","") | AH23: =IF(Q23=0,"JMP "&AJ23, IF(Q23=1,"JSR "&AJ23,IF(Q23=2,"ISZ "&AJ23,"DSZ "&AJ23))) -> JMP ***** | AI23: =TEXT(Q23,"0")&","&AG23&AB23 -> 0,***** | AJ23: =AG23&AB23 -> ***** | AK23: =AL23&AN23&AM23&AO23&" "&TEXT(U23,"0")&","&TEXT(V23,"0")&AP23 -> COM 0,0,SZC | AL23: =IF(W23=0,"COM",IF(W23=1,"NEG",IF(W23=2,"MOV",IF(W23=3,"INC",IF(W23=4,"ADC",IF(W23=5,"SUB",IF(W23=6,"ADD","AND"))))))) -> COM | AM23: =IF(X23=0,"",IF(X23=1,"L",IF(X23=2,"R","S"))) | AN23: =IF(Y23=0,"",IF(Y23=1,"Z",IF(Y23=2,"O","C"))) | AO23: =IF(Z23=1,"#","") | AP23: =IF(AA23=0,"",IF(AA23=1,",SKP",IF(AA23=2,",SZC",IF(AA23=3,",SNC",IF(AA23=4,",SZR",IF(AA23=5,",SNR",IF(AA23=6,",SEZ",",SBN"))))))) -> ,SZC | AQ23: =_xlfn.XLOOKUP(D23,Sheet2!$E$3:$E$101,Sheet2!$F$3:$F$101,"******************") -> ****************** | AR23: =IF(AY23=0,"NIO"&AV23&" "&AX23,IF(AY23=7,AZ23&" "&AX23,AS23&" "&TEXT(AT23,"0")&","&AX23)) -> NIO MAP0 | AS23: =IF(AY23=1,"DIA"&AV23,IF(AY23=2,"DOA"&AV23,IF(AY23=3,"DIB"&AV23,IF(AY23=4,"DOB"&AV23,IF(AY23=5,"DIC"&AV23,"DOC"&AV23))))) -> DOC | AT23: =V23 -> 0 | AU23: =X23 -> 0 | AV23: =IF(AU23=0,"",IF(AU23=1,"S",IF(AU23=2,"C","P"))) | AW23: =M23*10+N23 -> 2 | AX23: =_xlfn.XLOOKUP(AW23,Sheet2!$Q$3:$Q$66,Sheet2!$R$3:$R$66,"**") -> MAP0 | AY23: =W23 -> 0 | AZ23: =IF(AU23=0,"SKPBN",IF(AU23=1,"SKPBZ",IF(AU23=2,"SKPDN","SKPDZ"))) -> SKPBN
B24: =B23+1 -> 28 | C24: =IF(MOD(C23,10)=7,C23+3,C23+1) -> 61 | D24: 4 | E24: =_xlfn.XLOOKUP(C24,Sheet2!$N$3:$N$1000,Sheet2!$O$3:$O$1000,"") | G24: =DEC2OCT((2*(OCT2DEC(I24*100)+OCT2DEC(J24*10)+K24))+INT(L24/4)) -> 0 | H24: =(MOD(L24,4)*100)+(M24*10)+N24 -> 4 | I24: =MOD(INT(D24/100000),10) -> 0 | J24: =MOD(INT(D24/10000),10) -> 0 | K24: =MOD(INT(D24/1000),10) -> 0 | L24: =MOD(INT(D24/100),10) -> 0 | M24: =MOD(INT(D24/10),10) -> 0 | N24: =MOD(D24,10) -> 4 | O24: =INT(K24/4)+(J24*2)+(I24*16) -> 0 | P24: =(I24*4)+INT(J24/2) -> 0 | Q24: =V24 -> 0 | R24: =(MOD(L24,4)*100)+(M24*10)+N24 -> 4 | S24: =(MOD(K24,2)*2)+INT(L24/4) -> 0 | T24: =MOD(INT(K24/2),2) -> 0 | U24: =INT(J24/2) -> 0 | V24: =(MOD(J24,2)*2)+INT(K24/4) -> 0 | W24: =(MOD(K24,4)*2)+INT(L24/4) -> 0 | X24: =MOD(L24,4) -> 0 | Y24: =INT(M24/2) -> 0 | Z24: =MOD(M24,2) -> 0 | AA24: =N24 -> 4 | AB24: =IF(S24=0,AC24,IF(S24=1,IF(AD24="********",AF24,AD24),AF24&","&TEXT(S24,"0"))) -> ***** | AC24: =_xlfn.XLOOKUP(R24,Sheet2!$H$3:$H$258,Sheet2!$I$3:$I$258,"-----") -> ***** | AD24: =_xlfn.XLOOKUP(VALUE(AE24),Sheet2!$N$3:$N$1000,Sheet2!$O$3:$O$1000,"********") -> ******** | AE24: =IF(VALUE(AF24)<0,DEC2OCT(OCT2DEC(VALUE(C24))-OCT2DEC(-VALUE(AF24))),DEC2OCT(OCT2DEC(VALUE(C24))+OCT2DEC(VALUE(AF24)))) -> 65 | AF24: =IF(R24<200,"+"&TEXT(R24,"0"),"-"&TEXT(_xlfn.XLOOKUP(R24,Sheet2!$K$3:$K$130,Sheet2!$L$3:$L$130,"-----"),"0")) -> +4 | AG24: =IF(T24=1,"@","") | AH24: =IF(Q24=0,"JMP "&AJ24, IF(Q24=1,"JSR "&AJ24,IF(Q24=2,"ISZ "&AJ24,"DSZ "&AJ24))) -> JMP ***** | AI24: =TEXT(Q24,"0")&","&AG24&AB24 -> 0,***** | AJ24: =AG24&AB24 -> ***** | AK24: =AL24&AN24&AM24&AO24&" "&TEXT(U24,"0")&","&TEXT(V24,"0")&AP24 -> COM 0,0,SZR | AL24: =IF(W24=0,"COM",IF(W24=1,"NEG",IF(W24=2,"MOV",IF(W24=3,"INC",IF(W24=4,"ADC",IF(W24=5,"SUB",IF(W24=6,"ADD","AND"))))))) -> COM | AM24: =IF(X24=0,"",IF(X24=1,"L",IF(X24=2,"R","S"))) | AN24: =IF(Y24=0,"",IF(Y24=1,"Z",IF(Y24=2,"O","C"))) | AO24: =IF(Z24=1,"#","") | AP24: =IF(AA24=0,"",IF(AA24=1,",SKP",IF(AA24=2,",SZC",IF(AA24=3,",SNC",IF(AA24=4,",SZR",IF(AA24=5,",SNR",IF(AA24=6,",SEZ",",SBN"))))))) -> ,SZR | AQ24: =_xlfn.XLOOKUP(D24,Sheet2!$E$3:$E$101,Sheet2!$F$3:$F$101,"******************") -> ****************** | AR24: =IF(AY24=0,"NIO"&AV24&" "&AX24,IF(AY24=7,AZ24&" "&AX24,AS24&" "&TEXT(AT24,"0")&","&AX24)) -> NIO MAP2 | AS24: =IF(AY24=1,"DIA"&AV24,IF(AY24=2,"DOA"&AV24,IF(AY24=3,"DIB"&AV24,IF(AY24=4,"DOB"&AV24,IF(AY24=5,"DIC"&AV24,"DOC"&AV24))))) -> DOC | AT24: =V24 -> 0 | AU24: =X24 -> 0 | AV24: =IF(AU24=0,"",IF(AU24=1,"S",IF(AU24=2,"C","P"))) | AW24: =M24*10+N24 -> 4 | AX24: =_xlfn.XLOOKUP(AW24,Sheet2!$Q$3:$Q$66,Sheet2!$R$3:$R$66,"**") -> MAP2 | AY24: =W24 -> 0 | AZ24: =IF(AU24=0,"SKPBN",IF(AU24=1,"SKPBZ",IF(AU24=2,"SKPDN","SKPDZ"))) -> SKPBN
B25: =B24+1 -> 29 | C25: =IF(MOD(C24,10)=7,C24+3,C24+1) -> 62 | D25: 10 | E25: =_xlfn.XLOOKUP(C25,Sheet2!$N$3:$N$1000,Sheet2!$O$3:$O$1000,"") | G25: =DEC2OCT((2*(OCT2DEC(I25*100)+OCT2DEC(J25*10)+K25))+INT(L25/4)) -> 0 | H25: =(MOD(L25,4)*100)+(M25*10)+N25 -> 10 | I25: =MOD(INT(D25/100000),10) -> 0 | J25: =MOD(INT(D25/10000),10) -> 0 | K25: =MOD(INT(D25/1000),10) -> 0 | L25: =MOD(INT(D25/100),10) -> 0 | M25: =MOD(INT(D25/10),10) -> 1 | N25: =MOD(D25,10) -> 0 | O25: =INT(K25/4)+(J25*2)+(I25*16) -> 0 | P25: =(I25*4)+INT(J25/2) -> 0 | Q25: =V25 -> 0 | R25: =(MOD(L25,4)*100)+(M25*10)+N25 -> 10 | S25: =(MOD(K25,2)*2)+INT(L25/4) -> 0 | T25: =MOD(INT(K25/2),2) -> 0 | U25: =INT(J25/2) -> 0 | V25: =(MOD(J25,2)*2)+INT(K25/4) -> 0 | W25: =(MOD(K25,4)*2)+INT(L25/4) -> 0 | X25: =MOD(L25,4) -> 0 | Y25: =INT(M25/2) -> 0 | Z25: =MOD(M25,2) -> 1 | AA25: =N25 -> 0 | AB25: =IF(S25=0,AC25,IF(S25=1,IF(AD25="********",AF25,AD25),AF25&","&TEXT(S25,"0"))) -> IRDSK | AC25: =_xlfn.XLOOKUP(R25,Sheet2!$H$3:$H$258,Sheet2!$I$3:$I$258,"-----") -> IRDSK | AD25: =_xlfn.XLOOKUP(VALUE(AE25),Sheet2!$N$3:$N$1000,Sheet2!$O$3:$O$1000,"********") -> ******** | AE25: =IF(VALUE(AF25)<0,DEC2OCT(OCT2DEC(VALUE(C25))-OCT2DEC(-VALUE(AF25))),DEC2OCT(OCT2DEC(VALUE(C25))+OCT2DEC(VALUE(AF25)))) -> 72 | AF25: =IF(R25<200,"+"&TEXT(R25,"0"),"-"&TEXT(_xlfn.XLOOKUP(R25,Sheet2!$K$3:$K$130,Sheet2!$L$3:$L$130,"-----"),"0")) -> +10 | AG25: =IF(T25=1,"@","") | AH25: =IF(Q25=0,"JMP "&AJ25, IF(Q25=1,"JSR "&AJ25,IF(Q25=2,"ISZ "&AJ25,"DSZ "&AJ25))) -> JMP IRDSK | AI25: =TEXT(Q25,"0")&","&AG25&AB25 -> 0,IRDSK | AJ25: =AG25&AB25 -> IRDSK | AK25: =AL25&AN25&AM25&AO25&" "&TEXT(U25,"0")&","&TEXT(V25,"0")&AP25 -> COM# 0,0 | AL25: =IF(W25=0,"COM",IF(W25=1,"NEG",IF(W25=2,"MOV",IF(W25=3,"INC",IF(W25=4,"ADC",IF(W25=5,"SUB",IF(W25=6,"ADD","AND"))))))) -> COM | AM25: =IF(X25=0,"",IF(X25=1,"L",IF(X25=2,"R","S"))) | AN25: =IF(Y25=0,"",IF(Y25=1,"Z",IF(Y25=2,"O","C"))) | AO25: =IF(Z25=1,"#","") -> # | AP25: =IF(AA25=0,"",IF(AA25=1,",SKP",IF(AA25=2,",SZC",IF(AA25=3,",SNC",IF(AA25=4,",SZR",IF(AA25=5,",SNR",IF(AA25=6,",SEZ",",SBN"))))))) | AQ25: =_xlfn.XLOOKUP(D25,Sheet2!$E$3:$E$101,Sheet2!$F$3:$F$101,"******************") -> ****************** | AR25: =IF(AY25=0,"NIO"&AV25&" "&AX25,IF(AY25=7,AZ25&" "&AX25,AS25&" "&TEXT(AT25,"0")&","&AX25)) -> NIO TTI | AS25: =IF(AY25=1,"DIA"&AV25,IF(AY25=2,"DOA"&AV25,IF(AY25=3,"DIB"&AV25,IF(AY25=4,"DOB"&AV25,IF(AY25=5,"DIC"&AV25,"DOC"&AV25))))) -> DOC | AT25: =V25 -> 0 | AU25: =X25 -> 0 | AV25: =IF(AU25=0,"",IF(AU25=1,"S",IF(AU25=2,"C","P"))) | AW25: =M25*10+N25 -> 10 | AX25: =_xlfn.XLOOKUP(AW25,Sheet2!$Q$3:$Q$66,Sheet2!$R$3:$R$66,"**") -> TTI | AY25: =W25 -> 0 | AZ25: =IF(AU25=0,"SKPBN",IF(AU25=1,"SKPBZ",IF(AU25=2,"SKPDN","SKPDZ"))) -> SKPBN
B26: =B25+1 -> 30 | C26: =IF(MOD(C25,10)=7,C25+3,C25+1) -> 63 | D26: 20 | E26: =_xlfn.XLOOKUP(C26,Sheet2!$N$3:$N$1000,Sheet2!$O$3:$O$1000,"") | G26: =DEC2OCT((2*(OCT2DEC(I26*100)+OCT2DEC(J26*10)+K26))+INT(L26/4)) -> 0 | H26: =(MOD(L26,4)*100)+(M26*10)+N26 -> 20 | I26: =MOD(INT(D26/100000),10) -> 0 | J26: =MOD(INT(D26/10000),10) -> 0 | K26: =MOD(INT(D26/1000),10) -> 0 | L26: =MOD(INT(D26/100),10) -> 0 | M26: =MOD(INT(D26/10),10) -> 2 | N26: =MOD(D26,10) -> 0 | O26: =INT(K26/4)+(J26*2)+(I26*16) -> 0 | P26: =(I26*4)+INT(J26/2) -> 0 | Q26: =V26 -> 0 | R26: =(MOD(L26,4)*100)+(M26*10)+N26 -> 20 | S26: =(MOD(K26,2)*2)+INT(L26/4) -> 0 | T26: =MOD(INT(K26/2),2) -> 0 | U26: =INT(J26/2) -> 0 | V26: =(MOD(J26,2)*2)+INT(K26/4) -> 0 | W26: =(MOD(K26,4)*2)+INT(L26/4) -> 0 | X26: =MOD(L26,4) -> 0 | Y26: =INT(M26/2) -> 1 | Z26: =MOD(M26,2) -> 0 | AA26: =N26 -> 0 | AB26: =IF(S26=0,AC26,IF(S26=1,IF(AD26="********",AF26,AD26),AF26&","&TEXT(S26,"0"))) -> ***** | AC26: =_xlfn.XLOOKUP(R26,Sheet2!$H$3:$H$258,Sheet2!$I$3:$I$258,"-----") -> ***** | AD26: =_xlfn.XLOOKUP(VALUE(AE26),Sheet2!$N$3:$N$1000,Sheet2!$O$3:$O$1000,"********") -> ******** | AE26: =IF(VALUE(AF26)<0,DEC2OCT(OCT2DEC(VALUE(C26))-OCT2DEC(-VALUE(AF26))),DEC2OCT(OCT2DEC(VALUE(C26))+OCT2DEC(VALUE(AF26)))) -> 103 | AF26: =IF(R26<200,"+"&TEXT(R26,"0"),"-"&TEXT(_xlfn.XLOOKUP(R26,Sheet2!$K$3:$K$130,Sheet2!$L$3:$L$130,"-----"),"0")) -> +20 | AG26: =IF(T26=1,"@","") | AH26: =IF(Q26=0,"JMP "&AJ26, IF(Q26=1,"JSR "&AJ26,IF(Q26=2,"ISZ "&AJ26,"DSZ "&AJ26))) -> JMP ***** | AI26: =TEXT(Q26,"0")&","&AG26&AB26 -> 0,***** | AJ26: =AG26&AB26 -> ***** | AK26: =AL26&AN26&AM26&AO26&" "&TEXT(U26,"0")&","&TEXT(V26,"0")&AP26 -> COMZ 0,0 | AL26: =IF(W26=0,"COM",IF(W26=1,"NEG",IF(W26=2,"MOV",IF(W26=3,"INC",IF(W26=4,"ADC",IF(W26=5,"SUB",IF(W26=6,"ADD","AND"))))))) -> COM | AM26: =IF(X26=0,"",IF(X26=1,"L",IF(X26=2,"R","S"))) | AN26: =IF(Y26=0,"",IF(Y26=1,"Z",IF(Y26=2,"O","C"))) -> Z | AO26: =IF(Z26=1,"#","") | AP26: =IF(AA26=0,"",IF(AA26=1,",SKP",IF(AA26=2,",SZC",IF(AA26=3,",SNC",IF(AA26=4,",SZR",IF(AA26=5,",SNR",IF(AA26=6,",SEZ",",SBN"))))))) | AQ26: =_xlfn.XLOOKUP(D26,Sheet2!$E$3:$E$101,Sheet2!$F$3:$F$101,"******************") -> ****************** | AR26: =IF(AY26=0,"NIO"&AV26&" "&AX26,IF(AY26=7,AZ26&" "&AX26,AS26&" "&TEXT(AT26,"0")&","&AX26)) -> NIO DSKP | AS26: =IF(AY26=1,"DIA"&AV26,IF(AY26=2,"DOA"&AV26,IF(AY26=3,"DIB"&AV26,IF(AY26=4,"DOB"&AV26,IF(AY26=5,"DIC"&AV26,"DOC"&AV26))))) -> DOC | AT26: =V26 -> 0 | AU26: =X26 -> 0 | AV26: =IF(AU26=0,"",IF(AU26=1,"S",IF(AU26=2,"C","P"))) | AW26: =M26*10+N26 -> 20 | AX26: =_xlfn.XLOOKUP(AW26,Sheet2!$Q$3:$Q$66,Sheet2!$R$3:$R$66,"**") -> DSKP | AY26: =W26 -> 0 | AZ26: =IF(AU26=0,"SKPBN",IF(AU26=1,"SKPBZ",IF(AU26=2,"SKPDN","SKPDZ"))) -> SKPBN
B27: =B26+1 -> 31 | C27: =IF(MOD(C26,10)=7,C26+3,C26+1) -> 64 | D27: 40 | E27: =_xlfn.XLOOKUP(C27,Sheet2!$N$3:$N$1000,Sheet2!$O$3:$O$1000,"") | G27: =DEC2OCT((2*(OCT2DEC(I27*100)+OCT2DEC(J27*10)+K27))+INT(L27/4)) -> 0 | H27: =(MOD(L27,4)*100)+(M27*10)+N27 -> 40 | I27: =MOD(INT(D27/100000),10) -> 0 | J27: =MOD(INT(D27/10000),10) -> 0 | K27: =MOD(INT(D27/1000),10) -> 0 | L27: =MOD(INT(D27/100),10) -> 0 | M27: =MOD(INT(D27/10),10) -> 4 | N27: =MOD(D27,10) -> 0 | O27: =INT(K27/4)+(J27*2)+(I27*16) -> 0 | P27: =(I27*4)+INT(J27/2) -> 0 | Q27: =V27 -> 0 | R27: =(MOD(L27,4)*100)+(M27*10)+N27 -> 40 | S27: =(MOD(K27,2)*2)+INT(L27/4) -> 0 | T27: =MOD(INT(K27/2),2) -> 0 | U27: =INT(J27/2) -> 0 | V27: =(MOD(J27,2)*2)+INT(K27/4) -> 0 | W27: =(MOD(K27,4)*2)+INT(L27/4) -> 0 | X27: =MOD(L27,4) -> 0 | Y27: =INT(M27/2) -> 2 | Z27: =MOD(M27,2) -> 0 | AA27: =N27 -> 0 | AB27: =IF(S27=0,AC27,IF(S27=1,IF(AD27="********",AF27,AD27),AF27&","&TEXT(S27,"0"))) -> ***** | AC27: =_xlfn.XLOOKUP(R27,Sheet2!$H$3:$H$258,Sheet2!$I$3:$I$258,"-----") -> ***** | AD27: =_xlfn.XLOOKUP(VALUE(AE27),Sheet2!$N$3:$N$1000,Sheet2!$O$3:$O$1000,"********") -> ******** | AE27: =IF(VALUE(AF27)<0,DEC2OCT(OCT2DEC(VALUE(C27))-OCT2DEC(-VALUE(AF27))),DEC2OCT(OCT2DEC(VALUE(C27))+OCT2DEC(VALUE(AF27)))) -> 124 | AF27: =IF(R27<200,"+"&TEXT(R27,"0"),"-"&TEXT(_xlfn.XLOOKUP(R27,Sheet2!$K$3:$K$130,Sheet2!$L$3:$L$130,"-----"),"0")) -> +40 | AG27: =IF(T27=1,"@","") | AH27: =IF(Q27=0,"JMP "&AJ27, IF(Q27=1,"JSR "&AJ27,IF(Q27=2,"ISZ "&AJ27,"DSZ "&AJ27))) -> JMP ***** | AI27: =TEXT(Q27,"0")&","&AG27&AB27 -> 0,***** | AJ27: =AG27&AB27 -> ***** | AK27: =AL27&AN27&AM27&AO27&" "&TEXT(U27,"0")&","&TEXT(V27,"0")&AP27 -> COMO 0,0 | AL27: =IF(W27=0,"COM",IF(W27=1,"NEG",IF(W27=2,"MOV",IF(W27=3,"INC",IF(W27=4,"ADC",IF(W27=5,"SUB",IF(W27=6,"ADD","AND"))))))) -> COM | AM27: =IF(X27=0,"",IF(X27=1,"L",IF(X27=2,"R","S"))) | AN27: =IF(Y27=0,"",IF(Y27=1,"Z",IF(Y27=2,"O","C"))) -> O | AO27: =IF(Z27=1,"#","") | AP27: =IF(AA27=0,"",IF(AA27=1,",SKP",IF(AA27=2,",SZC",IF(AA27=3,",SNC",IF(AA27=4,",SZR",IF(AA27=5,",SNR",IF(AA27=6,",SEZ",",SBN"))))))) | AQ27: =_xlfn.XLOOKUP(D27,Sheet2!$E$3:$E$101,Sheet2!$F$3:$F$101,"******************") -> ****************** | AR27: =IF(AY27=0,"NIO"&AV27&" "&AX27,IF(AY27=7,AZ27&" "&AX27,AS27&" "&TEXT(AT27,"0")&","&AX27)) -> NIO ** | AS27: =IF(AY27=1,"DIA"&AV27,IF(AY27=2,"DOA"&AV27,IF(AY27=3,"DIB"&AV27,IF(AY27=4,"DOB"&AV27,IF(AY27=5,"DIC"&AV27,"DOC"&AV27))))) -> DOC | AT27: =V27 -> 0 | AU27: =X27 -> 0 | AV27: =IF(AU27=0,"",IF(AU27=1,"S",IF(AU27=2,"C","P"))) | AW27: =M27*10+N27 -> 40 | AX27: =_xlfn.XLOOKUP(AW27,Sheet2!$Q$3:$Q$66,Sheet2!$R$3:$R$66,"**") -> ** | AY27: =W27 -> 0 | AZ27: =IF(AU27=0,"SKPBN",IF(AU27=1,"SKPBZ",IF(AU27=2,"SKPDN","SKPDZ"))) -> SKPBN
B28: =B27+1 -> 32 | C28: =IF(MOD(C27,10)=7,C27+3,C27+1) -> 65 | D28: 100 | E28: =_xlfn.XLOOKUP(C28,Sheet2!$N$3:$N$1000,Sheet2!$O$3:$O$1000,"") | G28: =DEC2OCT((2*(OCT2DEC(I28*100)+OCT2DEC(J28*10)+K28))+INT(L28/4)) -> 0 | H28: =(MOD(L28,4)*100)+(M28*10)+N28 -> 100 | I28: =MOD(INT(D28/100000),10) -> 0 | J28: =MOD(INT(D28/10000),10) -> 0 | K28: =MOD(INT(D28/1000),10) -> 0 | L28: =MOD(INT(D28/100),10) -> 1 | M28: =MOD(INT(D28/10),10) -> 0 | N28: =MOD(D28,10) -> 0 | O28: =INT(K28/4)+(J28*2)+(I28*16) -> 0 | P28: =(I28*4)+INT(J28/2) -> 0 | Q28: =V28 -> 0 | R28: =(MOD(L28,4)*100)+(M28*10)+N28 -> 100 | S28: =(MOD(K28,2)*2)+INT(L28/4) -> 0 | T28: =MOD(INT(K28/2),2) -> 0 | U28: =INT(J28/2) -> 0 | V28: =(MOD(J28,2)*2)+INT(K28/4) -> 0 | W28: =(MOD(K28,4)*2)+INT(L28/4) -> 0 | X28: =MOD(L28,4) -> 1 | Y28: =INT(M28/2) -> 0 | Z28: =MOD(M28,2) -> 0 | AA28: =N28 -> 0 | AB28: =IF(S28=0,AC28,IF(S28=1,IF(AD28="********",AF28,AD28),AF28&","&TEXT(S28,"0"))) -> ZB11 | AC28: =_xlfn.XLOOKUP(R28,Sheet2!$H$3:$H$258,Sheet2!$I$3:$I$258,"-----") -> ZB11 | AD28: =_xlfn.XLOOKUP(VALUE(AE28),Sheet2!$N$3:$N$1000,Sheet2!$O$3:$O$1000,"********") -> ******** | AE28: =IF(VALUE(AF28)<0,DEC2OCT(OCT2DEC(VALUE(C28))-OCT2DEC(-VALUE(AF28))),DEC2OCT(OCT2DEC(VALUE(C28))+OCT2DEC(VALUE(AF28)))) -> 165 | AF28: =IF(R28<200,"+"&TEXT(R28,"0"),"-"&TEXT(_xlfn.XLOOKUP(R28,Sheet2!$K$3:$K$130,Sheet2!$L$3:$L$130,"-----"),"0")) -> +100 | AG28: =IF(T28=1,"@","") | AH28: =IF(Q28=0,"JMP "&AJ28, IF(Q28=1,"JSR "&AJ28,IF(Q28=2,"ISZ "&AJ28,"DSZ "&AJ28))) -> JMP ZB11 | AI28: =TEXT(Q28,"0")&","&AG28&AB28 -> 0,ZB11 | AJ28: =AG28&AB28 -> ZB11 | AK28: =AL28&AN28&AM28&AO28&" "&TEXT(U28,"0")&","&TEXT(V28,"0")&AP28 -> COML 0,0 | AL28: =IF(W28=0,"COM",IF(W28=1,"NEG",IF(W28=2,"MOV",IF(W28=3,"INC",IF(W28=4,"ADC",IF(W28=5,"SUB",IF(W28=6,"ADD","AND"))))))) -> COM | AM28: =IF(X28=0,"",IF(X28=1,"L",IF(X28=2,"R","S"))) -> L | AN28: =IF(Y28=0,"",IF(Y28=1,"Z",IF(Y28=2,"O","C"))) | AO28: =IF(Z28=1,"#","") | AP28: =IF(AA28=0,"",IF(AA28=1,",SKP",IF(AA28=2,",SZC",IF(AA28=3,",SNC",IF(AA28=4,",SZR",IF(AA28=5,",SNR",IF(AA28=6,",SEZ",",SBN"))))))) | AQ28: =_xlfn.XLOOKUP(D28,Sheet2!$E$3:$E$101,Sheet2!$F$3:$F$101,"******************") -> ****************** | AR28: =IF(AY28=0,"NIO"&AV28&" "&AX28,IF(AY28=7,AZ28&" "&AX28,AS28&" "&TEXT(AT28,"0")&","&AX28)) -> NIOS 0 | AS28: =IF(AY28=1,"DIA"&AV28,IF(AY28=2,"DOA"&AV28,IF(AY28=3,"DIB"&AV28,IF(AY28=4,"DOB"&AV28,IF(AY28=5,"DIC"&AV28,"DOC"&AV28))))) -> DOCS | AT28: =V28 -> 0 | AU28: =X28 -> 1 | AV28: =IF(AU28=0,"",IF(AU28=1,"S",IF(AU28=2,"C","P"))) -> S | AW28: =M28*10+N28 -> 0 | AX28: =_xlfn.XLOOKUP(AW28,Sheet2!$Q$3:$Q$66,Sheet2!$R$3:$R$66,"**") -> 0 | AY28: =W28 -> 0 | AZ28: =IF(AU28=0,"SKPBN",IF(AU28=1,"SKPBZ",IF(AU28=2,"SKPDN","SKPDZ"))) -> SKPBZ
B29: =B28+1 -> 33 | C29: =IF(MOD(C28,10)=7,C28+3,C28+1) -> 66 | D29: 200 | E29: =_xlfn.XLOOKUP(C29,Sheet2!$N$3:$N$1000,Sheet2!$O$3:$O$1000,"") | G29: =DEC2OCT((2*(OCT2DEC(I29*100)+OCT2DEC(J29*10)+K29))+INT(L29/4)) -> 0 | H29: =(MOD(L29,4)*100)+(M29*10)+N29 -> 200 | I29: =MOD(INT(D29/100000),10) -> 0 | J29: =MOD(INT(D29/10000),10) -> 0 | K29: =MOD(INT(D29/1000),10) -> 0 | L29: =MOD(INT(D29/100),10) -> 2 | M29: =MOD(INT(D29/10),10) -> 0 | N29: =MOD(D29,10) -> 0 | O29: =INT(K29/4)+(J29*2)+(I29*16) -> 0 | P29: =(I29*4)+INT(J29/2) -> 0 | Q29: =V29 -> 0 | R29: =(MOD(L29,4)*100)+(M29*10)+N29 -> 200 | S29: =(MOD(K29,2)*2)+INT(L29/4) -> 0 | T29: =MOD(INT(K29/2),2) -> 0 | U29: =INT(J29/2) -> 0 | V29: =(MOD(J29,2)*2)+INT(K29/4) -> 0 | W29: =(MOD(K29,4)*2)+INT(L29/4) -> 0 | X29: =MOD(L29,4) -> 2 | Y29: =INT(M29/2) -> 0 | Z29: =MOD(M29,2) -> 0 | AA29: =N29 -> 0 | AB29: =IF(S29=0,AC29,IF(S29=1,IF(AD29="********",AF29,AD29),AF29&","&TEXT(S29,"0"))) -> C60 | AC29: =_xlfn.XLOOKUP(R29,Sheet2!$H$3:$H$258,Sheet2!$I$3:$I$258,"-----") -> C60 | AD29: =_xlfn.XLOOKUP(VALUE(AE29),Sheet2!$N$3:$N$1000,Sheet2!$O$3:$O$1000,"********") -> ******** | AE29: =IF(VALUE(AF29)<0,DEC2OCT(OCT2DEC(VALUE(C29))-OCT2DEC(-VALUE(AF29))),DEC2OCT(OCT2DEC(VALUE(C29))+OCT2DEC(VALUE(AF29)))) -> 7777777666 | AF29: =IF(R29<200,"+"&TEXT(R29,"0"),"-"&TEXT(_xlfn.XLOOKUP(R29,Sheet2!$K$3:$K$130,Sheet2!$L$3:$L$130,"-----"),"0")) -> -200 | AG29: =IF(T29=1,"@","") | AH29: =IF(Q29=0,"JMP "&AJ29, IF(Q29=1,"JSR "&AJ29,IF(Q29=2,"ISZ "&AJ29,"DSZ "&AJ29))) -> JMP C60 | AI29: =TEXT(Q29,"0")&","&AG29&AB29 -> 0,C60 | AJ29: =AG29&AB29 -> C60 | AK29: =AL29&AN29&AM29&AO29&" "&TEXT(U29,"0")&","&TEXT(V29,"0")&AP29 -> COMR 0,0 | AL29: =IF(W29=0,"COM",IF(W29=1,"NEG",IF(W29=2,"MOV",IF(W29=3,"INC",IF(W29=4,"ADC",IF(W29=5,"SUB",IF(W29=6,"ADD","AND"))))))) -> COM | AM29: =IF(X29=0,"",IF(X29=1,"L",IF(X29=2,"R","S"))) -> R | AN29: =IF(Y29=0,"",IF(Y29=1,"Z",IF(Y29=2,"O","C"))) | AO29: =IF(Z29=1,"#","") | AP29: =IF(AA29=0,"",IF(AA29=1,",SKP",IF(AA29=2,",SZC",IF(AA29=3,",SNC",IF(AA29=4,",SZR",IF(AA29=5,",SNR",IF(AA29=6,",SEZ",",SBN"))))))) | AQ29: =_xlfn.XLOOKUP(D29,Sheet2!$E$3:$E$101,Sheet2!$F$3:$F$101,"******************") -> ****************** | AR29: =IF(AY29=0,"NIO"&AV29&" "&AX29,IF(AY29=7,AZ29&" "&AX29,AS29&" "&TEXT(AT29,"0")&","&AX29)) -> NIOC 0 | AS29: =IF(AY29=1,"DIA"&AV29,IF(AY29=2,"DOA"&AV29,IF(AY29=3,"DIB"&AV29,IF(AY29=4,"DOB"&AV29,IF(AY29=5,"DIC"&AV29,"DOC"&AV29))))) -> DOCC | AT29: =V29 -> 0 | AU29: =X29 -> 2 | AV29: =IF(AU29=0,"",IF(AU29=1,"S",IF(AU29=2,"C","P"))) -> C | AW29: =M29*10+N29 -> 0 | AX29: =_xlfn.XLOOKUP(AW29,Sheet2!$Q$3:$Q$66,Sheet2!$R$3:$R$66,"**") -> 0 | AY29: =W29 -> 0 | AZ29: =IF(AU29=0,"SKPBN",IF(AU29=1,"SKPBZ",IF(AU29=2,"SKPDN","SKPDZ"))) -> SKPDN
B30: =B29+1 -> 34 | C30: =IF(MOD(C29,10)=7,C29+3,C29+1) -> 67 | D30: 400 | E30: =_xlfn.XLOOKUP(C30,Sheet2!$N$3:$N$1000,Sheet2!$O$3:$O$1000,"") | G30: =DEC2OCT((2*(OCT2DEC(I30*100)+OCT2DEC(J30*10)+K30))+INT(L30/4)) -> 1 | H30: =(MOD(L30,4)*100)+(M30*10)+N30 -> 0 | I30: =MOD(INT(D30/100000),10) -> 0 | J30: =MOD(INT(D30/10000),10) -> 0 | K30: =MOD(INT(D30/1000),10) -> 0 | L30: =MOD(INT(D30/100),10) -> 4 | M30: =MOD(INT(D30/10),10) -> 0 | N30: =MOD(D30,10) -> 0 | O30: =INT(K30/4)+(J30*2)+(I30*16) -> 0 | P30: =(I30*4)+INT(J30/2) -> 0 | Q30: =V30 -> 0 | R30: =(MOD(L30,4)*100)+(M30*10)+N30 -> 0 | S30: =(MOD(K30,2)*2)+INT(L30/4) -> 1 | T30: =MOD(INT(K30/2),2) -> 0 | U30: =INT(J30/2) -> 0 | V30: =(MOD(J30,2)*2)+INT(K30/4) -> 0 | W30: =(MOD(K30,4)*2)+INT(L30/4) -> 1 | X30: =MOD(L30,4) -> 0 | Y30: =INT(M30/2) -> 0 | Z30: =MOD(M30,2) -> 0 | AA30: =N30 -> 0 | AB30: =IF(S30=0,AC30,IF(S30=1,IF(AD30="********",AF30,AD30),AF30&","&TEXT(S30,"0"))) -> +0 | AC30: =_xlfn.XLOOKUP(R30,Sheet2!$H$3:$H$258,Sheet2!$I$3:$I$258,"-----") -> 0 | AD30: =_xlfn.XLOOKUP(VALUE(AE30),Sheet2!$N$3:$N$1000,Sheet2!$O$3:$O$1000,"********") -> ******** | AE30: =IF(VALUE(AF30)<0,DEC2OCT(OCT2DEC(VALUE(C30))-OCT2DEC(-VALUE(AF30))),DEC2OCT(OCT2DEC(VALUE(C30))+OCT2DEC(VALUE(AF30)))) -> 67 | AF30: =IF(R30<200,"+"&TEXT(R30,"0"),"-"&TEXT(_xlfn.XLOOKUP(R30,Sheet2!$K$3:$K$130,Sheet2!$L$3:$L$130,"-----"),"0")) -> +0 | AG30: =IF(T30=1,"@","") | AH30: =IF(Q30=0,"JMP "&AJ30, IF(Q30=1,"JSR "&AJ30,IF(Q30=2,"ISZ "&AJ30,"DSZ "&AJ30))) -> JMP +0 | AI30: =TEXT(Q30,"0")&","&AG30&AB30 -> 0,+0 | AJ30: =AG30&AB30 -> +0 | AK30: =AL30&AN30&AM30&AO30&" "&TEXT(U30,"0")&","&TEXT(V30,"0")&AP30 -> NEG 0,0 | AL30: =IF(W30=0,"COM",IF(W30=1,"NEG",IF(W30=2,"MOV",IF(W30=3,"INC",IF(W30=4,"ADC",IF(W30=5,"SUB",IF(W30=6,"ADD","AND"))))))) -> NEG | AM30: =IF(X30=0,"",IF(X30=1,"L",IF(X30=2,"R","S"))) | AN30: =IF(Y30=0,"",IF(Y30=1,"Z",IF(Y30=2,"O","C"))) | AO30: =IF(Z30=1,"#","") | AP30: =IF(AA30=0,"",IF(AA30=1,",SKP",IF(AA30=2,",SZC",IF(AA30=3,",SNC",IF(AA30=4,",SZR",IF(AA30=5,",SNR",IF(AA30=6,",SEZ",",SBN"))))))) | AQ30: =_xlfn.XLOOKUP(D30,Sheet2!$E$3:$E$101,Sheet2!$F$3:$F$101,"******************") -> ****************** | AR30: =IF(AY30=0,"NIO"&AV30&" "&AX30,IF(AY30=7,AZ30&" "&AX30,AS30&" "&TEXT(AT30,"0")&","&AX30)) -> DIA 0,0 | AS30: =IF(AY30=1,"DIA"&AV30,IF(AY30=2,"DOA"&AV30,IF(AY30=3,"DIB"&AV30,IF(AY30=4,"DOB"&AV30,IF(AY30=5,"DIC"&AV30,"DOC"&AV30))))) -> DIA | AT30: =V30 -> 0 | AU30: =X30 -> 0 | AV30: =IF(AU30=0,"",IF(AU30=1,"S",IF(AU30=2,"C","P"))) | AW30: =M30*10+N30 -> 0 | AX30: =_xlfn.XLOOKUP(AW30,Sheet2!$Q$3:$Q$66,Sheet2!$R$3:$R$66,"**") -> 0 | AY30: =W30 -> 1 | AZ30: =IF(AU30=0,"SKPBN",IF(AU30=1,"SKPBZ",IF(AU30=2,"SKPDN","SKPDZ"))) -> SKPBN
... B35: =B34+1 -> 39 | C35: =IF(MOD(C34,10)=7,C34+3,C34+1) -> 74 | D35: 20000 | E35: =_xlfn.XLOOKUP(C35,Sheet2!$N$3:$N$1000,Sheet2!$O$3:$O$1000,"") | G35: =DEC2OCT((2*(OCT2DEC(I35*100)+OCT2DEC(J35*10)+K35))+INT(L35/4)) -> 40 | H35: =(MOD(L35,4)*100)+(M35*10)+N35 -> 0 | I35: =MOD(INT(D35/100000),10) -> 0 | J35: =MOD(INT(D35/10000),10) -> 2 | K35: =MOD(INT(D35/1000),10) -> 0 | L35: =MOD(INT(D35/100),10) -> 0 | M35: =MOD(INT(D35/10),10) -> 0 | N35: =MOD(D35,10) -> 0 | O35: =INT(K35/4)+(J35*2)+(I35*16) -> 4 | P35: =(I35*4)+INT(J35/2) -> 1 | Q35: =V35 -> 0 | R35: =(MOD(L35,4)*100)+(M35*10)+N35 -> 0 | S35: =(MOD(K35,2)*2)+INT(L35/4) -> 0 | T35: =MOD(INT(K35/2),2) -> 0 | U35: =INT(J35/2) -> 1 | V35: =(MOD(J35,2)*2)+INT(K35/4) -> 0 | W35: =(MOD(K35,4)*2)+INT(L35/4) -> 0 | X35: =MOD(L35,4) -> 0 | Y35: =INT(M35/2) -> 0 | Z35: =MOD(M35,2) -> 0 | AA35: =N35 -> 0 | AB35: =IF(S35=0,AC35,IF(S35=1,IF(AD35="********",AF35,AD35),AF35&","&TEXT(S35,"0"))) -> 0 | AC35: =_xlfn.XLOOKUP(R35,Sheet2!$H$3:$H$258,Sheet2!$I$3:$I$258,"-----") -> 0 | AD35: =_xlfn.XLOOKUP(VALUE(AE35),Sheet2!$N$3:$N$1000,Sheet2!$O$3:$O$1000,"********") -> ******** | AE35: =IF(VALUE(AF35)<0,DEC2OCT(OCT2DEC(VALUE(C35))-OCT2DEC(-VALUE(AF35))),DEC2OCT(OCT2DEC(VALUE(C35))+OCT2DEC(VALUE(AF35)))) -> 74 | AF35: =IF(R35<200,"+"&TEXT(R35,"0"),"-"&TEXT(_xlfn.XLOOKUP(R35,Sheet2!$K$3:$K$130,Sheet2!$L$3:$L$130,"-----"),"0")) -> +0 | AG35: =IF(T35=1,"@","") | AH35: =IF(Q35=0,"JMP "&AJ35, IF(Q35=1,"JSR "&AJ35,IF(Q35=2,"ISZ "&AJ35,"DSZ "&AJ35))) -> JMP 0 | AI35: =TEXT(Q35,"0")&","&AG35&AB35 -> 0,0 | AJ35: =AG35&AB35 -> 0 | AK35: =AL35&AN35&AM35&AO35&" "&TEXT(U35,"0")&","&TEXT(V35,"0")&AP35 -> COM 1,0 | AL35: =IF(W35=0,"COM",IF(W35=1,"NEG",IF(W35=2,"MOV",IF(W35=3,"INC",IF(W35=4,"ADC",IF(W35=5,"SUB",IF(W35=6,"ADD","AND"))))))) -> COM | AM35: =IF(X35=0,"",IF(X35=1,"L",IF(X35=2,"R","S"))) | AN35: =IF(Y35=0,"",IF(Y35=1,"Z",IF(Y35=2,"O","C"))) | AO35: =IF(Z35=1,"#","") | AP35: =IF(AA35=0,"",IF(AA35=1,",SKP",IF(AA35=2,",SZC",IF(AA35=3,",SNC",IF(AA35=4,",SZR",IF(AA35=5,",SNR",IF(AA35=6,",SEZ",",SBN"))))))) | AQ35: =_xlfn.XLOOKUP(D35,Sheet2!$E$3:$E$101,Sheet2!$F$3:$F$101,"******************") -> ****************** | AR35: =IF(AY35=0,"NIO"&AV35&" "&AX35,IF(AY35=7,AZ35&" "&AX35,AS35&" "&TEXT(AT35,"0")&","&AX35)) -> NIO 0 | AS35: =IF(AY35=1,"DIA"&AV35,IF(AY35=2,"DOA"&AV35,IF(AY35=3,"DIB"&AV35,IF(AY35=4,"DOB"&AV35,IF(AY35=5,"DIC"&AV35,"DOC"&AV35))))) -> DOC | AT35: =V35 -> 0 | AU35: =X35 -> 0 | AV35: =IF(AU35=0,"",IF(AU35=1,"S",IF(AU35=2,"C","P"))) | AW35: =M35*10+N35 -> 0 | AX35: =_xlfn.XLOOKUP(AW35,Sheet2!$Q$3:$Q$66,Sheet2!$R$3:$R$66,"**") -> 0 | AY35: =W35 -> 0 | AZ35: =IF(AU35=0,"SKPBN",IF(AU35=1,"SKPBZ",IF(AU35=2,"SKPDN","SKPDZ"))) -> SKPBN
B36: 42 | C36: =IF(MOD(C35,10)=7,C35+3,C35+1) -> 75 | D36: 177775 | E36: =_xlfn.XLOOKUP(C36,Sheet2!$N$3:$N$1000,Sheet2!$O$3:$O$1000,"") | G36: =DEC2OCT((2*(OCT2DEC(I36*100)+OCT2DEC(J36*10)+K36))+INT(L36/4)) -> 377 | H36: =(MOD(L36,4)*100)+(M36*10)+N36 -> 375 | I36: =MOD(INT(D36/100000),10) -> 1 | J36: =MOD(INT(D36/10000),10) -> 7 | K36: =MOD(INT(D36/1000),10) -> 7 | L36: =MOD(INT(D36/100),10) -> 7 | M36: =MOD(INT(D36/10),10) -> 7 | N36: =MOD(D36,10) -> 5 | O36: =INT(K36/4)+(J36*2)+(I36*16) -> 31 | P36: =(I36*4)+INT(J36/2) -> 7 | Q36: =V36 -> 3 | R36: =(MOD(L36,4)*100)+(M36*10)+N36 -> 375 | S36: =(MOD(K36,2)*2)+INT(L36/4) -> 3 | T36: =MOD(INT(K36/2),2) -> 1 | U36: =INT(J36/2) -> 3 | V36: =(MOD(J36,2)*2)+INT(K36/4) -> 3 | W36: =(MOD(K36,4)*2)+INT(L36/4) -> 7 | X36: =MOD(L36,4) -> 3 | Y36: =INT(M36/2) -> 3 | Z36: =MOD(M36,2) -> 1 | AA36: =N36 -> 5 | AB36: =IF(S36=0,AC36,IF(S36=1,IF(AD36="********",AF36,AD36),AF36&","&TEXT(S36,"0"))) -> -3,3 | AC36: =_xlfn.XLOOKUP(R36,Sheet2!$H$3:$H$258,Sheet2!$I$3:$I$258,"-----") -> ***** | AD36: =_xlfn.XLOOKUP(VALUE(AE36),Sheet2!$N$3:$N$1000,Sheet2!$O$3:$O$1000,"********") -> ******** | AE36: =IF(VALUE(AF36)<0,DEC2OCT(OCT2DEC(VALUE(C36))-OCT2DEC(-VALUE(AF36))),DEC2OCT(OCT2DEC(VALUE(C36))+OCT2DEC(VALUE(AF36)))) -> 72 | AF36: =IF(R36<200,"+"&TEXT(R36,"0"),"-"&TEXT(_xlfn.XLOOKUP(R36,Sheet2!$K$3:$K$130,Sheet2!$L$3:$L$130,"-----"),"0")) -> -3 | AG36: =IF(T36=1,"@","") -> @ | AH36: =IF(Q36=0,"JMP "&AJ36, IF(Q36=1,"JSR "&AJ36,IF(Q36=2,"ISZ "&AJ36,"DSZ "&AJ36))) -> DSZ @-3,3 | AI36: =TEXT(Q36,"0")&","&AG36&AB36 -> 3,@-3,3 | AJ36: =AG36&AB36 -> @-3,3 | AK36: =AL36&AN36&AM36&AO36&" "&TEXT(U36,"0")&","&TEXT(V36,"0")&AP36 -> ANDCS# 3,3,SNR | AL36: =IF(W36=0,"COM",IF(W36=1,"NEG",IF(W36=2,"MOV",IF(W36=3,"INC",IF(W36=4,"ADC",IF(W36=5,"SUB",IF(W36=6,"ADD","AND"))))))) -> AND | AM36: =IF(X36=0,"",IF(X36=1,"L",IF(X36=2,"R","S"))) -> S | AN36: =IF(Y36=0,"",IF(Y36=1,"Z",IF(Y36=2,"O","C"))) -> C | AO36: =IF(Z36=1,"#","") -> # | AP36: =IF(AA36=0,"",IF(AA36=1,",SKP",IF(AA36=2,",SZC",IF(AA36=3,",SNC",IF(AA36=4,",SZR",IF(AA36=5,",SNR",IF(AA36=6,",SEZ",",SBN"))))))) -> ,SNR | AQ36: =_xlfn.XLOOKUP(D36,Sheet2!$E$3:$E$101,Sheet2!$F$3:$F$101,"******************") -> ****************** | AR36: =IF(AY36=0,"NIO"&AV36&" "&AX36,IF(AY36=7,AZ36&" "&AX36,AS36&" "&TEXT(AT36,"0")&","&AX36)) -> SKPDZ ** | AS36: =IF(AY36=1,"DIA"&AV36,IF(AY36=2,"DOA"&AV36,IF(AY36=3,"DIB"&AV36,IF(AY36=4,"DOB"&AV36,IF(AY36=5,"DIC"&AV36,"DOC"&AV36))))) -> DOCP | AT36: =V36 -> 3 | AU36: =X36 -> 3 | AV36: =IF(AU36=0,"",IF(AU36=1,"S",IF(AU36=2,"C","P"))) -> P | AW36: =M36*10+N36 -> 75 | AX36: =_xlfn.XLOOKUP(AW36,Sheet2!$Q$3:$Q$66,Sheet2!$R$3:$R$66,"**") -> ** | AY36: =W36 -> 7 | AZ36: =IF(AU36=0,"SKPBN",IF(AU36=1,"SKPBZ",IF(AU36=2,"SKPDN","SKPDZ"))) -> SKPDZ
B37: =B36+1 -> 43 | C37: =IF(MOD(C36,10)=7,C36+3,C36+1) -> 76 | D37: 177773 | E37: =_xlfn.XLOOKUP(C37,Sheet2!$N$3:$N$1000,Sheet2!$O$3:$O$1000,"") | G37: =DEC2OCT((2*(OCT2DEC(I37*100)+OCT2DEC(J37*10)+K37))+INT(L37/4)) -> 377 | H37: =(MOD(L37,4)*100)+(M37*10)+N37 -> 373 | I37: =MOD(INT(D37/100000),10) -> 1 | J37: =MOD(INT(D37/10000),10) -> 7 | K37: =MOD(INT(D37/1000),10) -> 7 | L37: =MOD(INT(D37/100),10) -> 7 | M37: =MOD(INT(D37/10),10) -> 7 | N37: =MOD(D37,10) -> 3 | O37: =INT(K37/4)+(J37*2)+(I37*16) -> 31 | P37: =(I37*4)+INT(J37/2) -> 7 | Q37: =V37 -> 3 | R37: =(MOD(L37,4)*100)+(M37*10)+N37 -> 373 | S37: =(MOD(K37,2)*2)+INT(L37/4) -> 3 | T37: =MOD(INT(K37/2),2) -> 1 | U37: =INT(J37/2) -> 3 | V37: =(MOD(J37,2)*2)+INT(K37/4) -> 3 | W37: =(MOD(K37,4)*2)+INT(L37/4) -> 7 | X37: =MOD(L37,4) -> 3 | Y37: =INT(M37/2) -> 3 | Z37: =MOD(M37,2) -> 1 | AA37: =N37 -> 3 | AB37: =IF(S37=0,AC37,IF(S37=1,IF(AD37="********",AF37,AD37),AF37&","&TEXT(S37,"0"))) -> -5,3 | AC37: =_xlfn.XLOOKUP(R37,Sheet2!$H$3:$H$258,Sheet2!$I$3:$I$258,"-----") -> ***** | AD37: =_xlfn.XLOOKUP(VALUE(AE37),Sheet2!$N$3:$N$1000,Sheet2!$O$3:$O$1000,"********") -> ******** | AE37: =IF(VALUE(AF37)<0,DEC2OCT(OCT2DEC(VALUE(C37))-OCT2DEC(-VALUE(AF37))),DEC2OCT(OCT2DEC(VALUE(C37))+OCT2DEC(VALUE(AF37)))) -> 71 | AF37: =IF(R37<200,"+"&TEXT(R37,"0"),"-"&TEXT(_xlfn.XLOOKUP(R37,Sheet2!$K$3:$K$130,Sheet2!$L$3:$L$130,"-----"),"0")) -> -5 | AG37: =IF(T37=1,"@","") -> @ | AH37: =IF(Q37=0,"JMP "&AJ37, IF(Q37=1,"JSR "&AJ37,IF(Q37=2,"ISZ "&AJ37,"DSZ "&AJ37))) -> DSZ @-5,3 | AI37: =TEXT(Q37,"0")&","&AG37&AB37 -> 3,@-5,3 | AJ37: =AG37&AB37 -> @-5,3 | AK37: =AL37&AN37&AM37&AO37&" "&TEXT(U37,"0")&","&TEXT(V37,"0")&AP37 -> ANDCS# 3,3,SNC | AL37: =IF(W37=0,"COM",IF(W37=1,"NEG",IF(W37=2,"MOV",IF(W37=3,"INC",IF(W37=4,"ADC",IF(W37=5,"SUB",IF(W37=6,"ADD","AND"))))))) -> AND | AM37: =IF(X37=0,"",IF(X37=1,"L",IF(X37=2,"R","S"))) -> S | AN37: =IF(Y37=0,"",IF(Y37=1,"Z",IF(Y37=2,"O","C"))) -> C | AO37: =IF(Z37=1,"#","") -> # | AP37: =IF(AA37=0,"",IF(AA37=1,",SKP",IF(AA37=2,",SZC",IF(AA37=3,",SNC",IF(AA37=4,",SZR",IF(AA37=5,",SNR",IF(AA37=6,",SEZ",",SBN"))))))) -> ,SNC | AQ37: =_xlfn.XLOOKUP(D37,Sheet2!$E$3:$E$101,Sheet2!$F$3:$F$101,"******************") -> ****************** | AR37: =IF(AY37=0,"NIO"&AV37&" "&AX37,IF(AY37=7,AZ37&" "&AX37,AS37&" "&TEXT(AT37,"0")&","&AX37)) -> SKPDZ ** | AS37: =IF(AY37=1,"DIA"&AV37,IF(AY37=2,"DOA"&AV37,IF(AY37=3,"DIB"&AV37,IF(AY37=4,"DOB"&AV37,IF(AY37=5,"DIC"&AV37,"DOC"&AV37))))) -> DOCP | AT37: =V37 -> 3 | AU37: =X37 -> 3 | AV37: =IF(AU37=0,"",IF(AU37=1,"S",IF(AU37=2,"C","P"))) -> P | AW37: =M37*10+N37 -> 73 | AX37: =_xlfn.XLOOKUP(AW37,Sheet2!$Q$3:$Q$66,Sheet2!$R$3:$R$66,"**") -> ** | AY37: =W37 -> 7 | AZ37: =IF(AU37=0,"SKPBN",IF(AU37=1,"SKPBZ",IF(AU37=2,"SKPDN","SKPDZ"))) -> SKPDZ
B38: =B37+1 -> 44 | C38: =IF(MOD(C37,10)=7,C37+3,C37+1) -> 77 | D38: 177767 | E38: =_xlfn.XLOOKUP(C38,Sheet2!$N$3:$N$1000,Sheet2!$O$3:$O$1000,"") | G38: =DEC2OCT((2*(OCT2DEC(I38*100)+OCT2DEC(J38*10)+K38))+INT(L38/4)) -> 377 | H38: =(MOD(L38,4)*100)+(M38*10)+N38 -> 367 | I38: =MOD(INT(D38/100000),10) -> 1 | J38: =MOD(INT(D38/10000),10) -> 7 | K38: =MOD(INT(D38/1000),10) -> 7 | L38: =MOD(INT(D38/100),10) -> 7 | M38: =MOD(INT(D38/10),10) -> 6 | N38: =MOD(D38,10) -> 7 | O38: =INT(K38/4)+(J38*2)+(I38*16) -> 31 | P38: =(I38*4)+INT(J38/2) -> 7 | Q38: =V38 -> 3 | R38: =(MOD(L38,4)*100)+(M38*10)+N38 -> 367 | S38: =(MOD(K38,2)*2)+INT(L38/4) -> 3 | T38: =MOD(INT(K38/2),2) -> 1 | U38: =INT(J38/2) -> 3 | V38: =(MOD(J38,2)*2)+INT(K38/4) -> 3 | W38: =(MOD(K38,4)*2)+INT(L38/4) -> 7 | X38: =MOD(L38,4) -> 3 | Y38: =INT(M38/2) -> 3 | Z38: =MOD(M38,2) -> 0 | AA38: =N38 -> 7 | AB38: =IF(S38=0,AC38,IF(S38=1,IF(AD38="********",AF38,AD38),AF38&","&TEXT(S38,"0"))) -> -11,3 | AC38: =_xlfn.XLOOKUP(R38,Sheet2!$H$3:$H$258,Sheet2!$I$3:$I$258,"-----") -> ***** | AD38: =_xlfn.XLOOKUP(VALUE(AE38),Sheet2!$N$3:$N$1000,Sheet2!$O$3:$O$1000,"********") -> ******** | AE38: =IF(VALUE(AF38)<0,DEC2OCT(OCT2DEC(VALUE(C38))-OCT2DEC(-VALUE(AF38))),DEC2OCT(OCT2DEC(VALUE(C38))+OCT2DEC(VALUE(AF38)))) -> 66 | AF38: =IF(R38<200,"+"&TEXT(R38,"0"),"-"&TEXT(_xlfn.XLOOKUP(R38,Sheet2!$K$3:$K$130,Sheet2!$L$3:$L$130,"-----"),"0")) -> -11 | AG38: =IF(T38=1,"@","") -> @ | AH38: =IF(Q38=0,"JMP "&AJ38, IF(Q38=1,"JSR "&AJ38,IF(Q38=2,"ISZ "&AJ38,"DSZ "&AJ38))) -> DSZ @-11,3 | AI38: =TEXT(Q38,"0")&","&AG38&AB38 -> 3,@-11,3 | AJ38: =AG38&AB38 -> @-11,3 | AK38: =AL38&AN38&AM38&AO38&" "&TEXT(U38,"0")&","&TEXT(V38,"0")&AP38 -> ANDCS 3,3,SBN | AL38: =IF(W38=0,"COM",IF(W38=1,"NEG",IF(W38=2,"MOV",IF(W38=3,"INC",IF(W38=4,"ADC",IF(W38=5,"SUB",IF(W38=6,"ADD","AND"))))))) -> AND | AM38: =IF(X38=0,"",IF(X38=1,"L",IF(X38=2,"R","S"))) -> S | AN38: =IF(Y38=0,"",IF(Y38=1,"Z",IF(Y38=2,"O","C"))) -> C | AO38: =IF(Z38=1,"#","") | AP38: =IF(AA38=0,"",IF(AA38=1,",SKP",IF(AA38=2,",SZC",IF(AA38=3,",SNC",IF(AA38=4,",SZR",IF(AA38=5,",SNR",IF(AA38=6,",SEZ",",SBN"))))))) -> ,SBN | AQ38: =_xlfn.XLOOKUP(D38,Sheet2!$E$3:$E$101,Sheet2!$F$3:$F$101,"******************") -> ****************** | AR38: =IF(AY38=0,"NIO"&AV38&" "&AX38,IF(AY38=7,AZ38&" "&AX38,AS38&" "&TEXT(AT38,"0")&","&AX38)) -> SKPDZ ** | AS38: =IF(AY38=1,"DIA"&AV38,IF(AY38=2,"DOA"&AV38,IF(AY38=3,"DIB"&AV38,IF(AY38=4,"DOB"&AV38,IF(AY38=5,"DIC"&AV38,"DOC"&AV38))))) -> DOCP | AT38: =V38 -> 3 | AU38: =X38 -> 3 | AV38: =IF(AU38=0,"",IF(AU38=1,"S",IF(AU38=2,"C","P"))) -> P | AW38: =M38*10+N38 -> 67 | AX38: =_xlfn.XLOOKUP(AW38,Sheet2!$Q$3:$Q$66,Sheet2!$R$3:$R$66,"**") -> ** | AY38: =W38 -> 7 | AZ38: =IF(AU38=0,"SKPBN",IF(AU38=1,"SKPBZ",IF(AU38=2,"SKPDN","SKPDZ"))) -> SKPDZ
B39: =B38+1 -> 45 | C39: 100 | D39: 177757 | E39: =_xlfn.XLOOKUP(C39,Sheet2!$N$3:$N$1000,Sheet2!$O$3:$O$1000,"") | G39: =DEC2OCT((2*(OCT2DEC(I39*100)+OCT2DEC(J39*10)+K39))+INT(L39/4)) -> 377 | H39: =(MOD(L39,4)*100)+(M39*10)+N39 -> 357 | I39: =MOD(INT(D39/100000),10) -> 1 | J39: =MOD(INT(D39/10000),10) -> 7 | K39: =MOD(INT(D39/1000),10) -> 7 | L39: =MOD(INT(D39/100),10) -> 7 | M39: =MOD(INT(D39/10),10) -> 5 | N39: =MOD(D39,10) -> 7 | O39: =INT(K39/4)+(J39*2)+(I39*16) -> 31 | P39: =(I39*4)+INT(J39/2) -> 7 | Q39: =V39 -> 3 | R39: =(MOD(L39,4)*100)+(M39*10)+N39 -> 357 | S39: =(MOD(K39,2)*2)+INT(L39/4) -> 3 | T39: =MOD(INT(K39/2),2) -> 1 | U39: =INT(J39/2) -> 3 | V39: =(MOD(J39,2)*2)+INT(K39/4) -> 3 | W39: =(MOD(K39,4)*2)+INT(L39/4) -> 7 | X39: =MOD(L39,4) -> 3 | Y39: =INT(M39/2) -> 2 | Z39: =MOD(M39,2) -> 1 | AA39: =N39 -> 7 | AB39: =IF(S39=0,AC39,IF(S39=1,IF(AD39="********",AF39,AD39),AF39&","&TEXT(S39,"0"))) -> -21,3 | AC39: =_xlfn.XLOOKUP(R39,Sheet2!$H$3:$H$258,Sheet2!$I$3:$I$258,"-----") -> ***** | AD39: =_xlfn.XLOOKUP(VALUE(AE39),Sheet2!$N$3:$N$1000,Sheet2!$O$3:$O$1000,"********") -> ******** | AE39: =IF(VALUE(AF39)<0,DEC2OCT(OCT2DEC(VALUE(C39))-OCT2DEC(-VALUE(AF39))),DEC2OCT(OCT2DEC(VALUE(C39))+OCT2DEC(VALUE(AF39)))) -> 57 | AF39: =IF(R39<200,"+"&TEXT(R39,"0"),"-"&TEXT(_xlfn.XLOOKUP(R39,Sheet2!$K$3:$K$130,Sheet2!$L$3:$L$130,"-----"),"0")) -> -21 | AG39: =IF(T39=1,"@","") -> @ | AH39: =IF(Q39=0,"JMP "&AJ39, IF(Q39=1,"JSR "&AJ39,IF(Q39=2,"ISZ "&AJ39,"DSZ "&AJ39))) -> DSZ @-21,3 | AI39: =TEXT(Q39,"0")&","&AG39&AB39 -> 3,@-21,3 | AJ39: =AG39&AB39 -> @-21,3 | AK39: =AL39&AN39&AM39&AO39&" "&TEXT(U39,"0")&","&TEXT(V39,"0")&AP39 -> ANDOS# 3,3,SBN | AL39: =IF(W39=0,"COM",IF(W39=1,"NEG",IF(W39=2,"MOV",IF(W39=3,"INC",IF(W39=4,"ADC",IF(W39=5,"SUB",IF(W39=6,"ADD","AND"))))))) -> AND | AM39: =IF(X39=0,"",IF(X39=1,"L",IF(X39=2,"R","S"))) -> S | AN39: =IF(Y39=0,"",IF(Y39=1,"Z",IF(Y39=2,"O","C"))) -> O | AO39: =IF(Z39=1,"#","") -> # | AP39: =IF(AA39=0,"",IF(AA39=1,",SKP",IF(AA39=2,",SZC",IF(AA39=3,",SNC",IF(AA39=4,",SZR",IF(AA39=5,",SNR",IF(AA39=6,",SEZ",",SBN"))))))) -> ,SBN | AQ39: =_xlfn.XLOOKUP(D39,Sheet2!$E$3:$E$101,Sheet2!$F$3:$F$101,"******************") -> ****************** | AR39: =IF(AY39=0,"NIO"&AV39&" "&AX39,IF(AY39=7,AZ39&" "&AX39,AS39&" "&TEXT(AT39,"0")&","&AX39)) -> SKPDZ ** | AS39: =IF(AY39=1,"DIA"&AV39,IF(AY39=2,"DOA"&AV39,IF(AY39=3,"DIB"&AV39,IF(AY39=4,"DOB"&AV39,IF(AY39=5,"DIC"&AV39,"DOC"&AV39))))) -> DOCP | AT39: =V39 -> 3 | AU39: =X39 -> 3 | AV39: =IF(AU39=0,"",IF(AU39=1,"S",IF(AU39=2,"C","P"))) -> P | AW39: =M39*10+N39 -> 57 | AX39: =_xlfn.XLOOKUP(AW39,Sheet2!$Q$3:$Q$66,Sheet2!$R$3:$R$66,"**") -> ** | AY39: =W39 -> 7 | AZ39: =IF(AU39=0,"SKPBN",IF(AU39=1,"SKPBZ",IF(AU39=2,"SKPDN","SKPDZ"))) -> SKPDZ
B40: =B39+1 -> 46 | C40: =IF(MOD(C39,10)=7,C39+3,C39+1) -> 101 | D40: 177737 | E40: =_xlfn.XLOOKUP(C40,Sheet2!$N$3:$N$1000,Sheet2!$O$3:$O$1000,"") | G40: =DEC2OCT((2*(OCT2DEC(I40*100)+OCT2DEC(J40*10)+K40))+INT(L40/4)) -> 377 | H40: =(MOD(L40,4)*100)+(M40*10)+N40 -> 337 | I40: =MOD(INT(D40/100000),10) -> 1 | J40: =MOD(INT(D40/10000),10) -> 7 | K40: =MOD(INT(D40/1000),10) -> 7 | L40: =MOD(INT(D40/100),10) -> 7 | M40: =MOD(INT(D40/10),10) -> 3 | N40: =MOD(D40,10) -> 7 | O40: =INT(K40/4)+(J40*2)+(I40*16) -> 31 | P40: =(I40*4)+INT(J40/2) -> 7 | Q40: =V40 -> 3 | R40: =(MOD(L40,4)*100)+(M40*10)+N40 -> 337 | S40: =(MOD(K40,2)*2)+INT(L40/4) -> 3 | T40: =MOD(INT(K40/2),2) -> 1 | U40: =INT(J40/2) -> 3 | V40: =(MOD(J40,2)*2)+INT(K40/4) -> 3 | W40: =(MOD(K40,4)*2)+INT(L40/4) -> 7 | X40: =MOD(L40,4) -> 3 | Y40: =INT(M40/2) -> 1 | Z40: =MOD(M40,2) -> 1 | AA40: =N40 -> 7 | AB40: =IF(S40=0,AC40,IF(S40=1,IF(AD40="********",AF40,AD40),AF40&","&TEXT(S40,"0"))) -> -41,3 | AC40: =_xlfn.XLOOKUP(R40,Sheet2!$H$3:$H$258,Sheet2!$I$3:$I$258,"-----") -> ***** | AD40: =_xlfn.XLOOKUP(VALUE(AE40),Sheet2!$N$3:$N$1000,Sheet2!$O$3:$O$1000,"********") -> ******** | AE40: =IF(VALUE(AF40)<0,DEC2OCT(OCT2DEC(VALUE(C40))-OCT2DEC(-VALUE(AF40))),DEC2OCT(OCT2DEC(VALUE(C40))+OCT2DEC(VALUE(AF40)))) -> 40 | AF40: =IF(R40<200,"+"&TEXT(R40,"0"),"-"&TEXT(_xlfn.XLOOKUP(R40,Sheet2!$K$3:$K$130,Sheet2!$L$3:$L$130,"-----"),"0")) -> -41 | AG40: =IF(T40=1,"@","") -> @ | AH40: =IF(Q40=0,"JMP "&AJ40, IF(Q40=1,"JSR "&AJ40,IF(Q40=2,"ISZ "&AJ40,"DSZ "&AJ40))) -> DSZ @-41,3 | AI40: =TEXT(Q40,"0")&","&AG40&AB40 -> 3,@-41,3 | AJ40: =AG40&AB40 -> @-41,3 | AK40: =AL40&AN40&AM40&AO40&" "&TEXT(U40,"0")&","&TEXT(V40,"0")&AP40 -> ANDZS# 3,3,SBN | AL40: =IF(W40=0,"COM",IF(W40=1,"NEG",IF(W40=2,"MOV",IF(W40=3,"INC",IF(W40=4,"ADC",IF(W40=5,"SUB",IF(W40=6,"ADD","AND"))))))) -> AND | AM40: =IF(X40=0,"",IF(X40=1,"L",IF(X40=2,"R","S"))) -> S | AN40: =IF(Y40=0,"",IF(Y40=1,"Z",IF(Y40=2,"O","C"))) -> Z | AO40: =IF(Z40=1,"#","") -> # | AP40: =IF(AA40=0,"",IF(AA40=1,",SKP",IF(AA40=2,",SZC",IF(AA40=3,",SNC",IF(AA40=4,",SZR",IF(AA40=5,",SNR",IF(AA40=6,",SEZ",",SBN"))))))) -> ,SBN | AQ40: =_xlfn.XLOOKUP(D40,Sheet2!$E$3:$E$101,Sheet2!$F$3:$F$101,"******************") -> ****************** | AR40: =IF(AY40=0,"NIO"&AV40&" "&AX40,IF(AY40=7,AZ40&" "&AX40,AS40&" "&TEXT(AT40,"0")&","&AX40)) -> SKPDZ ** | AS40: =IF(AY40=1,"DIA"&AV40,IF(AY40=2,"DOA"&AV40,IF(AY40=3,"DIB"&AV40,IF(AY40=4,"DOB"&AV40,IF(AY40=5,"DIC"&AV40,"DOC"&AV40))))) -> DOCP | AT40: =V40 -> 3 | AU40: =X40 -> 3 | AV40: =IF(AU40=0,"",IF(AU40=1,"S",IF(AU40=2,"C","P"))) -> P | AW40: =M40*10+N40 -> 37 | AX40: =_xlfn.XLOOKUP(AW40,Sheet2!$Q$3:$Q$66,Sheet2!$R$3:$R$66,"**") -> ** | AY40: =W40 -> 7 | AZ40: =IF(AU40=0,"SKPBN",IF(AU40=1,"SKPBZ",IF(AU40=2,"SKPDN","SKPDZ"))) -> SKPDZ
B41: =B40+1 -> 47 | C41: =IF(MOD(C40,10)=7,C40+3,C40+1) -> 102 | D41: 177677 | E41: =_xlfn.XLOOKUP(C41,Sheet2!$N$3:$N$1000,Sheet2!$O$3:$O$1000,"") | G41: =DEC2OCT((2*(OCT2DEC(I41*100)+OCT2DEC(J41*10)+K41))+INT(L41/4)) -> 377 | H41: =(MOD(L41,4)*100)+(M41*10)+N41 -> 277 | I41: =MOD(INT(D41/100000),10) -> 1 | J41: =MOD(INT(D41/10000),10) -> 7 | K41: =MOD(INT(D41/1000),10) -> 7 | L41: =MOD(INT(D41/100),10) -> 6 | M41: =MOD(INT(D41/10),10) -> 7 | N41: =MOD(D41,10) -> 7 | O41: =INT(K41/4)+(J41*2)+(I41*16) -> 31 | P41: =(I41*4)+INT(J41/2) -> 7 | Q41: =V41 -> 3 | R41: =(MOD(L41,4)*100)+(M41*10)+N41 -> 277 | S41: =(MOD(K41,2)*2)+INT(L41/4) -> 3 | T41: =MOD(INT(K41/2),2) -> 1 | U41: =INT(J41/2) -> 3 | V41: =(MOD(J41,2)*2)+INT(K41/4) -> 3 | W41: =(MOD(K41,4)*2)+INT(L41/4) -> 7 | X41: =MOD(L41,4) -> 2 | Y41: =INT(M41/2) -> 3 | Z41: =MOD(M41,2) -> 1 | AA41: =N41 -> 7 | AB41: =IF(S41=0,AC41,IF(S41=1,IF(AD41="********",AF41,AD41),AF41&","&TEXT(S41,"0"))) -> -101,3 | AC41: =_xlfn.XLOOKUP(R41,Sheet2!$H$3:$H$258,Sheet2!$I$3:$I$258,"-----") -> ***** | AD41: =_xlfn.XLOOKUP(VALUE(AE41),Sheet2!$N$3:$N$1000,Sheet2!$O$3:$O$1000,"********") -> ******** | AE41: =IF(VALUE(AF41)<0,DEC2OCT(OCT2DEC(VALUE(C41))-OCT2DEC(-VALUE(AF41))),DEC2OCT(OCT2DEC(VALUE(C41))+OCT2DEC(VALUE(AF41)))) -> 1 | AF41: =IF(R41<200,"+"&TEXT(R41,"0"),"-"&TEXT(_xlfn.XLOOKUP(R41,Sheet2!$K$3:$K$130,Sheet2!$L$3:$L$130,"-----"),"0")) -> -101 | AG41: =IF(T41=1,"@","") -> @ | AH41: =IF(Q41=0,"JMP "&AJ41, IF(Q41=1,"JSR "&AJ41,IF(Q41=2,"ISZ "&AJ41,"DSZ "&AJ41))) -> DSZ @-101,3 | AI41: =TEXT(Q41,"0")&","&AG41&AB41 -> 3,@-101,3 | AJ41: =AG41&AB41 -> @-101,3 | AK41: =AL41&AN41&AM41&AO41&" "&TEXT(U41,"0")&","&TEXT(V41,"0")&AP41 -> ANDCR# 3,3,SBN | AL41: =IF(W41=0,"COM",IF(W41=1,"NEG",IF(W41=2,"MOV",IF(W41=3,"INC",IF(W41=4,"ADC",IF(W41=5,"SUB",IF(W41=6,"ADD","AND"))))))) -> AND | AM41: =IF(X41=0,"",IF(X41=1,"L",IF(X41=2,"R","S"))) -> R | AN41: =IF(Y41=0,"",IF(Y41=1,"Z",IF(Y41=2,"O","C"))) -> C | AO41: =IF(Z41=1,"#","") -> # | AP41: =IF(AA41=0,"",IF(AA41=1,",SKP",IF(AA41=2,",SZC",IF(AA41=3,",SNC",IF(AA41=4,",SZR",IF(AA41=5,",SNR",IF(AA41=6,",SEZ",",SBN"))))))) -> ,SBN | AQ41: =_xlfn.XLOOKUP(D41,Sheet2!$E$3:$E$101,Sheet2!$F$3:$F$101,"******************") -> ****************** | AR41: =IF(AY41=0,"NIO"&AV41&" "&AX41,IF(AY41=7,AZ41&" "&AX41,AS41&" "&TEXT(AT41,"0")&","&AX41)) -> SKPDN CPU | AS41: =IF(AY41=1,"DIA"&AV41,IF(AY41=2,"DOA"&AV41,IF(AY41=3,"DIB"&AV41,IF(AY41=4,"DOB"&AV41,IF(AY41=5,"DIC"&AV41,"DOC"&AV41))))) -> DOCC | AT41: =V41 -> 3 | AU41: =X41 -> 2 | AV41: =IF(AU41=0,"",IF(AU41=1,"S",IF(AU41=2,"C","P"))) -> C | AW41: =M41*10+N41 -> 77 | AX41: =_xlfn.XLOOKUP(AW41,Sheet2!$Q$3:$Q$66,Sheet2!$R$3:$R$66,"**") -> CPU | AY41: =W41 -> 7 | AZ41: =IF(AU41=0,"SKPBN",IF(AU41=1,"SKPBZ",IF(AU41=2,"SKPDN","SKPDZ"))) -> SKPDN
B42: =B41+1 -> 48 | C42: =IF(MOD(C41,10)=7,C41+3,C41+1) -> 103 | D42: 177577 | E42: =_xlfn.XLOOKUP(C42,Sheet2!$N$3:$N$1000,Sheet2!$O$3:$O$1000,"") | G42: =DEC2OCT((2*(OCT2DEC(I42*100)+OCT2DEC(J42*10)+K42))+INT(L42/4)) -> 377 | H42: =(MOD(L42,4)*100)+(M42*10)+N42 -> 177 | I42: =MOD(INT(D42/100000),10) -> 1 | J42: =MOD(INT(D42/10000),10) -> 7 | K42: =MOD(INT(D42/1000),10) -> 7 | L42: =MOD(INT(D42/100),10) -> 5 | M42: =MOD(INT(D42/10),10) -> 7 | N42: =MOD(D42,10) -> 7 | O42: =INT(K42/4)+(J42*2)+(I42*16) -> 31 | P42: =(I42*4)+INT(J42/2) -> 7 | Q42: =V42 -> 3 | R42: =(MOD(L42,4)*100)+(M42*10)+N42 -> 177 | S42: =(MOD(K42,2)*2)+INT(L42/4) -> 3 | T42: =MOD(INT(K42/2),2) -> 1 | U42: =INT(J42/2) -> 3 | V42: =(MOD(J42,2)*2)+INT(K42/4) -> 3 | W42: =(MOD(K42,4)*2)+INT(L42/4) -> 7 | X42: =MOD(L42,4) -> 1 | Y42: =INT(M42/2) -> 3 | Z42: =MOD(M42,2) -> 1 | AA42: =N42 -> 7 | AB42: =IF(S42=0,AC42,IF(S42=1,IF(AD42="********",AF42,AD42),AF42&","&TEXT(S42,"0"))) -> +177,3 | AC42: =_xlfn.XLOOKUP(R42,Sheet2!$H$3:$H$258,Sheet2!$I$3:$I$258,"-----") -> C36 | AD42: =_xlfn.XLOOKUP(VALUE(AE42),Sheet2!$N$3:$N$1000,Sheet2!$O$3:$O$1000,"********") -> ******** | AE42: =IF(VALUE(AF42)<0,DEC2OCT(OCT2DEC(VALUE(C42))-OCT2DEC(-VALUE(AF42))),DEC2OCT(OCT2DEC(VALUE(C42))+OCT2DEC(VALUE(AF42)))) -> 302 | AF42: =IF(R42<200,"+"&TEXT(R42,"0"),"-"&TEXT(_xlfn.XLOOKUP(R42,Sheet2!$K$3:$K$130,Sheet2!$L$3:$L$130,"-----"),"0")) -> +177 | AG42: =IF(T42=1,"@","") -> @ | AH42: =IF(Q42=0,"JMP "&AJ42, IF(Q42=1,"JSR "&AJ42,IF(Q42=2,"ISZ "&AJ42,"DSZ "&AJ42))) -> DSZ @+177,3 | AI42: =TEXT(Q42,"0")&","&AG42&AB42 -> 3,@+177,3 | AJ42: =AG42&AB42 -> @+177,3 | AK42: =AL42&AN42&AM42&AO42&" "&TEXT(U42,"0")&","&TEXT(V42,"0")&AP42 -> ANDCL# 3,3,SBN | AL42: =IF(W42=0,"COM",IF(W42=1,"NEG",IF(W42=2,"MOV",IF(W42=3,"INC",IF(W42=4,"ADC",IF(W42=5,"SUB",IF(W42=6,"ADD","AND"))))))) -> AND | AM42: =IF(X42=0,"",IF(X42=1,"L",IF(X42=2,"R","S"))) -> L | AN42: =IF(Y42=0,"",IF(Y42=1,"Z",IF(Y42=2,"O","C"))) -> C | AO42: =IF(Z42=1,"#","") -> # | AP42: =IF(AA42=0,"",IF(AA42=1,",SKP",IF(AA42=2,",SZC",IF(AA42=3,",SNC",IF(AA42=4,",SZR",IF(AA42=5,",SNR",IF(AA42=6,",SEZ",",SBN"))))))) -> ,SBN | AQ42: =_xlfn.XLOOKUP(D42,Sheet2!$E$3:$E$101,Sheet2!$F$3:$F$101,"******************") -> ****************** | AR42: =IF(AY42=0,"NIO"&AV42&" "&AX42,IF(AY42=7,AZ42&" "&AX42,AS42&" "&TEXT(AT42,"0")&","&AX42)) -> SKPBZ CPU | AS42: =IF(AY42=1,"DIA"&AV42,IF(AY42=2,"DOA"&AV42,IF(AY42=3,"DIB"&AV42,IF(AY42=4,"DOB"&AV42,IF(AY42=5,"DIC"&AV42,"DOC"&AV42))))) -> DOCS | AT42: =V42 -> 3 | AU42: =X42 -> 1 | AV42: =IF(AU42=0,"",IF(AU42=1,"S",IF(AU42=2,"C","P"))) -> S | AW42: =M42*10+N42 -> 77 | AX42: =_xlfn.XLOOKUP(AW42,Sheet2!$Q$3:$Q$66,Sheet2!$R$3:$R$66,"**") -> CPU | AY42: =W42 -> 7 | AZ42: =IF(AU42=0,"SKPBN",IF(AU42=1,"SKPBZ",IF(AU42=2,"SKPDN","SKPDZ"))) -> SKPBZ
B43: =B42+1 -> 49 | C43: =IF(MOD(C42,10)=7,C42+3,C42+1) -> 104 | D43: 177377 | E43: =_xlfn.XLOOKUP(C43,Sheet2!$N$3:$N$1000,Sheet2!$O$3:$O$1000,"") | G43: =DEC2OCT((2*(OCT2DEC(I43*100)+OCT2DEC(J43*10)+K43))+INT(L43/4)) -> 376 | H43: =(MOD(L43,4)*100)+(M43*10)+N43 -> 377 | I43: =MOD(INT(D43/100000),10) -> 1 | J43: =MOD(INT(D43/10000),10) -> 7 | K43: =MOD(INT(D43/1000),10) -> 7 | L43: =MOD(INT(D43/100),10) -> 3 | M43: =MOD(INT(D43/10),10) -> 7 | N43: =MOD(D43,10) -> 7 | O43: =INT(K43/4)+(J43*2)+(I43*16) -> 31 | P43: =(I43*4)+INT(J43/2) -> 7 | Q43: =V43 -> 3 | R43: =(MOD(L43,4)*100)+(M43*10)+N43 -> 377 | S43: =(MOD(K43,2)*2)+INT(L43/4) -> 2 | T43: =MOD(INT(K43/2),2) -> 1 | U43: =INT(J43/2) -> 3 | V43: =(MOD(J43,2)*2)+INT(K43/4) -> 3 | W43: =(MOD(K43,4)*2)+INT(L43/4) -> 6 | X43: =MOD(L43,4) -> 3 | Y43: =INT(M43/2) -> 3 | Z43: =MOD(M43,2) -> 1 | AA43: =N43 -> 7 | AB43: =IF(S43=0,AC43,IF(S43=1,IF(AD43="********",AF43,AD43),AF43&","&TEXT(S43,"0"))) -> -1,2 | AC43: =_xlfn.XLOOKUP(R43,Sheet2!$H$3:$H$258,Sheet2!$I$3:$I$258,"-----") -> ***** | AD43: =_xlfn.XLOOKUP(VALUE(AE43),Sheet2!$N$3:$N$1000,Sheet2!$O$3:$O$1000,"********") -> ******** | AE43: =IF(VALUE(AF43)<0,DEC2OCT(OCT2DEC(VALUE(C43))-OCT2DEC(-VALUE(AF43))),DEC2OCT(OCT2DEC(VALUE(C43))+OCT2DEC(VALUE(AF43)))) -> 103 | AF43: =IF(R43<200,"+"&TEXT(R43,"0"),"-"&TEXT(_xlfn.XLOOKUP(R43,Sheet2!$K$3:$K$130,Sheet2!$L$3:$L$130,"-----"),"0")) -> -1 | AG43: =IF(T43=1,"@","") -> @ | AH43: =IF(Q43=0,"JMP "&AJ43, IF(Q43=1,"JSR "&AJ43,IF(Q43=2,"ISZ "&AJ43,"DSZ "&AJ43))) -> DSZ @-1,2 | AI43: =TEXT(Q43,"0")&","&AG43&AB43 -> 3,@-1,2 | AJ43: =AG43&AB43 -> @-1,2 | AK43: =AL43&AN43&AM43&AO43&" "&TEXT(U43,"0")&","&TEXT(V43,"0")&AP43 -> ADDCS# 3,3,SBN | AL43: =IF(W43=0,"COM",IF(W43=1,"NEG",IF(W43=2,"MOV",IF(W43=3,"INC",IF(W43=4,"ADC",IF(W43=5,"SUB",IF(W43=6,"ADD","AND"))))))) -> ADD | AM43: =IF(X43=0,"",IF(X43=1,"L",IF(X43=2,"R","S"))) -> S | AN43: =IF(Y43=0,"",IF(Y43=1,"Z",IF(Y43=2,"O","C"))) -> C | AO43: =IF(Z43=1,"#","") -> # | AP43: =IF(AA43=0,"",IF(AA43=1,",SKP",IF(AA43=2,",SZC",IF(AA43=3,",SNC",IF(AA43=4,",SZR",IF(AA43=5,",SNR",IF(AA43=6,",SEZ",",SBN"))))))) -> ,SBN | AQ43: =_xlfn.XLOOKUP(D43,Sheet2!$E$3:$E$101,Sheet2!$F$3:$F$101,"******************") -> ****************** | AR43: =IF(AY43=0,"NIO"&AV43&" "&AX43,IF(AY43=7,AZ43&" "&AX43,AS43&" "&TEXT(AT43,"0")&","&AX43)) -> DOCP 3,CPU | AS43: =IF(AY43=1,"DIA"&AV43,IF(AY43=2,"DOA"&AV43,IF(AY43=3,"DIB"&AV43,IF(AY43=4,"DOB"&AV43,IF(AY43=5,"DIC"&AV43,"DOC"&AV43))))) -> DOCP | AT43: =V43 -> 3 | AU43: =X43 -> 3 | AV43: =IF(AU43=0,"",IF(AU43=1,"S",IF(AU43=2,"C","P"))) -> P | AW43: =M43*10+N43 -> 77 | AX43: =_xlfn.XLOOKUP(AW43,Sheet2!$Q$3:$Q$66,Sheet2!$R$3:$R$66,"**") -> CPU | AY43: =W43 -> 6 | AZ43: =IF(AU43=0,"SKPBN",IF(AU43=1,"SKPBZ",IF(AU43=2,"SKPDN","SKPDZ"))) -> SKPDZ
B44: =B43+1 -> 50 | C44: =IF(MOD(C43,10)=7,C43+3,C43+1) -> 105 | D44: 176777 | E44: =_xlfn.XLOOKUP(C44,Sheet2!$N$3:$N$1000,Sheet2!$O$3:$O$1000,"") | G44: =DEC2OCT((2*(OCT2DEC(I44*100)+OCT2DEC(J44*10)+K44))+INT(L44/4)) -> 375 | H44: =(MOD(L44,4)*100)+(M44*10)+N44 -> 377 | I44: =MOD(INT(D44/100000),10) -> 1 | J44: =MOD(INT(D44/10000),10) -> 7 | K44: =MOD(INT(D44/1000),10) -> 6 | L44: =MOD(INT(D44/100),10) -> 7 | M44: =MOD(INT(D44/10),10) -> 7 | N44: =MOD(D44,10) -> 7 | O44: =INT(K44/4)+(J44*2)+(I44*16) -> 31 | P44: =(I44*4)+INT(J44/2) -> 7 | Q44: =V44 -> 3 | R44: =(MOD(L44,4)*100)+(M44*10)+N44 -> 377 | S44: =(MOD(K44,2)*2)+INT(L44/4) -> 1 | T44: =MOD(INT(K44/2),2) -> 1 | U44: =INT(J44/2) -> 3 | V44: =(MOD(J44,2)*2)+INT(K44/4) -> 3 | W44: =(MOD(K44,4)*2)+INT(L44/4) -> 5 | X44: =MOD(L44,4) -> 3 | Y44: =INT(M44/2) -> 3 | Z44: =MOD(M44,2) -> 1 | AA44: =N44 -> 7 | AB44: =IF(S44=0,AC44,IF(S44=1,IF(AD44="********",AF44,AD44),AF44&","&TEXT(S44,"0"))) -> -1 | AC44: =_xlfn.XLOOKUP(R44,Sheet2!$H$3:$H$258,Sheet2!$I$3:$I$258,"-----") -> ***** | AD44: =_xlfn.XLOOKUP(VALUE(AE44),Sheet2!$N$3:$N$1000,Sheet2!$O$3:$O$1000,"********") -> ******** | AE44: =IF(VALUE(AF44)<0,DEC2OCT(OCT2DEC(VALUE(C44))-OCT2DEC(-VALUE(AF44))),DEC2OCT(OCT2DEC(VALUE(C44))+OCT2DEC(VALUE(AF44)))) -> 104 | AF44: =IF(R44<200,"+"&TEXT(R44,"0"),"-"&TEXT(_xlfn.XLOOKUP(R44,Sheet2!$K$3:$K$130,Sheet2!$L$3:$L$130,"-----"),"0")) -> -1 | AG44: =IF(T44=1,"@","") -> @ | AH44: =IF(Q44=0,"JMP "&AJ44, IF(Q44=1,"JSR "&AJ44,IF(Q44=2,"ISZ "&AJ44,"DSZ "&AJ44))) -> DSZ @-1 | AI44: =TEXT(Q44,"0")&","&AG44&AB44 -> 3,@-1 | AJ44: =AG44&AB44 -> @-1 | AK44: =AL44&AN44&AM44&AO44&" "&TEXT(U44,"0")&","&TEXT(V44,"0")&AP44 -> SUBCS# 3,3,SBN | AL44: =IF(W44=0,"COM",IF(W44=1,"NEG",IF(W44=2,"MOV",IF(W44=3,"INC",IF(W44=4,"ADC",IF(W44=5,"SUB",IF(W44=6,"ADD","AND"))))))) -> SUB | AM44: =IF(X44=0,"",IF(X44=1,"L",IF(X44=2,"R","S"))) -> S | AN44: =IF(Y44=0,"",IF(Y44=1,"Z",IF(Y44=2,"O","C"))) -> C | AO44: =IF(Z44=1,"#","") -> # | AP44: =IF(AA44=0,"",IF(AA44=1,",SKP",IF(AA44=2,",SZC",IF(AA44=3,",SNC",IF(AA44=4,",SZR",IF(AA44=5,",SNR",IF(AA44=6,",SEZ",",SBN"))))))) -> ,SBN | AQ44: =_xlfn.XLOOKUP(D44,Sheet2!$E$3:$E$101,Sheet2!$F$3:$F$101,"******************") -> ****************** | AR44: =IF(AY44=0,"NIO"&AV44&" "&AX44,IF(AY44=7,AZ44&" "&AX44,AS44&" "&TEXT(AT44,"0")&","&AX44)) -> DICP 3,CPU | AS44: =IF(AY44=1,"DIA"&AV44,IF(AY44=2,"DOA"&AV44,IF(AY44=3,"DIB"&AV44,IF(AY44=4,"DOB"&AV44,IF(AY44=5,"DIC"&AV44,"DOC"&AV44))))) -> DICP | AT44: =V44 -> 3 | AU44: =X44 -> 3 | AV44: =IF(AU44=0,"",IF(AU44=1,"S",IF(AU44=2,"C","P"))) -> P | AW44: =M44*10+N44 -> 77 | AX44: =_xlfn.XLOOKUP(AW44,Sheet2!$Q$3:$Q$66,Sheet2!$R$3:$R$66,"**") -> CPU | AY44: =W44 -> 5 | AZ44: =IF(AU44=0,"SKPBN",IF(AU44=1,"SKPBZ",IF(AU44=2,"SKPDN","SKPDZ"))) -> SKPDZ
B45: =B44+1 -> 51 | C45: =IF(MOD(C44,10)=7,C44+3,C44+1) -> 106 | D45: 175777 | E45: =_xlfn.XLOOKUP(C45,Sheet2!$N$3:$N$1000,Sheet2!$O$3:$O$1000,"") | G45: =DEC2OCT((2*(OCT2DEC(I45*100)+OCT2DEC(J45*10)+K45))+INT(L45/4)) -> 373 | H45: =(MOD(L45,4)*100)+(M45*10)+N45 -> 377 | I45: =MOD(INT(D45/100000),10) -> 1 | J45: =MOD(INT(D45/10000),10) -> 7 | K45: =MOD(INT(D45/1000),10) -> 5 | L45: =MOD(INT(D45/100),10) -> 7 | M45: =MOD(INT(D45/10),10) -> 7 | N45: =MOD(D45,10) -> 7 | O45: =INT(K45/4)+(J45*2)+(I45*16) -> 31 | P45: =(I45*4)+INT(J45/2) -> 7 | Q45: =V45 -> 3 | R45: =(MOD(L45,4)*100)+(M45*10)+N45 -> 377 | S45: =(MOD(K45,2)*2)+INT(L45/4) -> 3 | T45: =MOD(INT(K45/2),2) -> 0 | U45: =INT(J45/2) -> 3 | V45: =(MOD(J45,2)*2)+INT(K45/4) -> 3 | W45: =(MOD(K45,4)*2)+INT(L45/4) -> 3 | X45: =MOD(L45,4) -> 3 | Y45: =INT(M45/2) -> 3 | Z45: =MOD(M45,2) -> 1 | AA45: =N45 -> 7 | AB45: =IF(S45=0,AC45,IF(S45=1,IF(AD45="********",AF45,AD45),AF45&","&TEXT(S45,"0"))) -> -1,3 | AC45: =_xlfn.XLOOKUP(R45,Sheet2!$H$3:$H$258,Sheet2!$I$3:$I$258,"-----") -> ***** | AD45: =_xlfn.XLOOKUP(VALUE(AE45),Sheet2!$N$3:$N$1000,Sheet2!$O$3:$O$1000,"********") -> ******** | AE45: =IF(VALUE(AF45)<0,DEC2OCT(OCT2DEC(VALUE(C45))-OCT2DEC(-VALUE(AF45))),DEC2OCT(OCT2DEC(VALUE(C45))+OCT2DEC(VALUE(AF45)))) -> 105 | AF45: =IF(R45<200,"+"&TEXT(R45,"0"),"-"&TEXT(_xlfn.XLOOKUP(R45,Sheet2!$K$3:$K$130,Sheet2!$L$3:$L$130,"-----"),"0")) -> -1 | AG45: =IF(T45=1,"@","") | AH45: =IF(Q45=0,"JMP "&AJ45, IF(Q45=1,"JSR "&AJ45,IF(Q45=2,"ISZ "&AJ45,"DSZ "&AJ45))) -> DSZ -1,3 | AI45: =TEXT(Q45,"0")&","&AG45&AB45 -> 3,-1,3 | AJ45: =AG45&AB45 -> -1,3 | AK45: =AL45&AN45&AM45&AO45&" "&TEXT(U45,"0")&","&TEXT(V45,"0")&AP45 -> INCCS# 3,3,SBN | AL45: =IF(W45=0,"COM",IF(W45=1,"NEG",IF(W45=2,"MOV",IF(W45=3,"INC",IF(W45=4,"ADC",IF(W45=5,"SUB",IF(W45=6,"ADD","AND"))))))) -> INC | AM45: =IF(X45=0,"",IF(X45=1,"L",IF(X45=2,"R","S"))) -> S | AN45: =IF(Y45=0,"",IF(Y45=1,"Z",IF(Y45=2,"O","C"))) -> C | AO45: =IF(Z45=1,"#","") -> # | AP45: =IF(AA45=0,"",IF(AA45=1,",SKP",IF(AA45=2,",SZC",IF(AA45=3,",SNC",IF(AA45=4,",SZR",IF(AA45=5,",SNR",IF(AA45=6,",SEZ",",SBN"))))))) -> ,SBN | AQ45: =_xlfn.XLOOKUP(D45,Sheet2!$E$3:$E$101,Sheet2!$F$3:$F$101,"******************") -> ****************** | AR45: =IF(AY45=0,"NIO"&AV45&" "&AX45,IF(AY45=7,AZ45&" "&AX45,AS45&" "&TEXT(AT45,"0")&","&AX45)) -> DIBP 3,CPU | AS45: =IF(AY45=1,"DIA"&AV45,IF(AY45=2,"DOA"&AV45,IF(AY45=3,"DIB"&AV45,IF(AY45=4,"DOB"&AV45,IF(AY45=5,"DIC"&AV45,"DOC"&AV45))))) -> DIBP | AT45: =V45 -> 3 | AU45: =X45 -> 3 | AV45: =IF(AU45=0,"",IF(AU45=1,"S",IF(AU45=2,"C","P"))) -> P | AW45: =M45*10+N45 -> 77 | AX45: =_xlfn.XLOOKUP(AW45,Sheet2!$Q$3:$Q$66,Sheet2!$R$3:$R$66,"**") -> CPU | AY45: =W45 -> 3 | AZ45: =IF(AU45=0,"SKPBN",IF(AU45=1,"SKPBZ",IF(AU45=2,"SKPDN","SKPDZ"))) -> SKPDZ
B46: =B45+1 -> 52 | C46: =IF(MOD(C45,10)=7,C45+3,C45+1) -> 107 | D46: 173777 | E46: =_xlfn.XLOOKUP(C46,Sheet2!$N$3:$N$1000,Sheet2!$O$3:$O$1000,"") | G46: =DEC2OCT((2*(OCT2DEC(I46*100)+OCT2DEC(J46*10)+K46))+INT(L46/4)) -> 367 | H46: =(MOD(L46,4)*100)+(M46*10)+N46 -> 377 | I46: =MOD(INT(D46/100000),10) -> 1 | J46: =MOD(INT(D46/10000),10) -> 7 | K46: =MOD(INT(D46/1000),10) -> 3 | L46: =MOD(INT(D46/100),10) -> 7 | M46: =MOD(INT(D46/10),10) -> 7 | N46: =MOD(D46,10) -> 7 | O46: =INT(K46/4)+(J46*2)+(I46*16) -> 30 | P46: =(I46*4)+INT(J46/2) -> 7 | Q46: =V46 -> 2 | R46: =(MOD(L46,4)*100)+(M46*10)+N46 -> 377 | S46: =(MOD(K46,2)*2)+INT(L46/4) -> 3 | T46: =MOD(INT(K46/2),2) -> 1 | U46: =INT(J46/2) -> 3 | V46: =(MOD(J46,2)*2)+INT(K46/4) -> 2 | W46: =(MOD(K46,4)*2)+INT(L46/4) -> 7 | X46: =MOD(L46,4) -> 3 | Y46: =INT(M46/2) -> 3 | Z46: =MOD(M46,2) -> 1 | AA46: =N46 -> 7 | AB46: =IF(S46=0,AC46,IF(S46=1,IF(AD46="********",AF46,AD46),AF46&","&TEXT(S46,"0"))) -> -1,3 | AC46: =_xlfn.XLOOKUP(R46,Sheet2!$H$3:$H$258,Sheet2!$I$3:$I$258,"-----") -> ***** | AD46: =_xlfn.XLOOKUP(VALUE(AE46),Sheet2!$N$3:$N$1000,Sheet2!$O$3:$O$1000,"********") -> ******** | AE46: =IF(VALUE(AF46)<0,DEC2OCT(OCT2DEC(VALUE(C46))-OCT2DEC(-VALUE(AF46))),DEC2OCT(OCT2DEC(VALUE(C46))+OCT2DEC(VALUE(AF46)))) -> 106 | AF46: =IF(R46<200,"+"&TEXT(R46,"0"),"-"&TEXT(_xlfn.XLOOKUP(R46,Sheet2!$K$3:$K$130,Sheet2!$L$3:$L$130,"-----"),"0")) -> -1 | AG46: =IF(T46=1,"@","") -> @ | AH46: =IF(Q46=0,"JMP "&AJ46, IF(Q46=1,"JSR "&AJ46,IF(Q46=2,"ISZ "&AJ46,"DSZ "&AJ46))) -> ISZ @-1,3 | AI46: =TEXT(Q46,"0")&","&AG46&AB46 -> 2,@-1,3 | AJ46: =AG46&AB46 -> @-1,3 | AK46: =AL46&AN46&AM46&AO46&" "&TEXT(U46,"0")&","&TEXT(V46,"0")&AP46 -> ANDCS# 3,2,SBN | AL46: =IF(W46=0,"COM",IF(W46=1,"NEG",IF(W46=2,"MOV",IF(W46=3,"INC",IF(W46=4,"ADC",IF(W46=5,"SUB",IF(W46=6,"ADD","AND"))))))) -> AND | AM46: =IF(X46=0,"",IF(X46=1,"L",IF(X46=2,"R","S"))) -> S | AN46: =IF(Y46=0,"",IF(Y46=1,"Z",IF(Y46=2,"O","C"))) -> C | AO46: =IF(Z46=1,"#","") -> # | AP46: =IF(AA46=0,"",IF(AA46=1,",SKP",IF(AA46=2,",SZC",IF(AA46=3,",SNC",IF(AA46=4,",SZR",IF(AA46=5,",SNR",IF(AA46=6,",SEZ",",SBN"))))))) -> ,SBN | AQ46: =_xlfn.XLOOKUP(D46,Sheet2!$E$3:$E$101,Sheet2!$F$3:$F$101,"******************") -> ****************** | AR46: =IF(AY46=0,"NIO"&AV46&" "&AX46,IF(AY46=7,AZ46&" "&AX46,AS46&" "&TEXT(AT46,"0")&","&AX46)) -> SKPDZ CPU | AS46: =IF(AY46=1,"DIA"&AV46,IF(AY46=2,"DOA"&AV46,IF(AY46=3,"DIB"&AV46,IF(AY46=4,"DOB"&AV46,IF(AY46=5,"DIC"&AV46,"DOC"&AV46))))) -> DOCP | AT46: =V46 -> 2 | AU46: =X46 -> 3 | AV46: =IF(AU46=0,"",IF(AU46=1,"S",IF(AU46=2,"C","P"))) -> P | AW46: =M46*10+N46 -> 77 | AX46: =_xlfn.XLOOKUP(AW46,Sheet2!$Q$3:$Q$66,Sheet2!$R$3:$R$66,"**") -> CPU | AY46: =W46 -> 7 | AZ46: =IF(AU46=0,"SKPBN",IF(AU46=1,"SKPBZ",IF(AU46=2,"SKPDN","SKPDZ"))) -> SKPDZ
B47: =B46+1 -> 53 | C47: =IF(MOD(C46,10)=7,C46+3,C46+1) -> 110 | D47: 167777 | E47: =_xlfn.XLOOKUP(C47,Sheet2!$N$3:$N$1000,Sheet2!$O$3:$O$1000,"") | G47: =DEC2OCT((2*(OCT2DEC(I47*100)+OCT2DEC(J47*10)+K47))+INT(L47/4)) -> 357 | H47: =(MOD(L47,4)*100)+(M47*10)+N47 -> 377 | I47: =MOD(INT(D47/100000),10) -> 1 | J47: =MOD(INT(D47/10000),10) -> 6 | K47: =MOD(INT(D47/1000),10) -> 7 | L47: =MOD(INT(D47/100),10) -> 7 | M47: =MOD(INT(D47/10),10) -> 7 | N47: =MOD(D47,10) -> 7 | O47: =INT(K47/4)+(J47*2)+(I47*16) -> 29 | P47: =(I47*4)+INT(J47/2) -> 7 | Q47: =V47 -> 1 | R47: =(MOD(L47,4)*100)+(M47*10)+N47 -> 377 | S47: =(MOD(K47,2)*2)+INT(L47/4) -> 3 | T47: =MOD(INT(K47/2),2) -> 1 | U47: =INT(J47/2) -> 3 | V47: =(MOD(J47,2)*2)+INT(K47/4) -> 1 | W47: =(MOD(K47,4)*2)+INT(L47/4) -> 7 | X47: =MOD(L47,4) -> 3 | Y47: =INT(M47/2) -> 3 | Z47: =MOD(M47,2) -> 1 | AA47: =N47 -> 7 | AB47: =IF(S47=0,AC47,IF(S47=1,IF(AD47="********",AF47,AD47),AF47&","&TEXT(S47,"0"))) -> -1,3 | AC47: =_xlfn.XLOOKUP(R47,Sheet2!$H$3:$H$258,Sheet2!$I$3:$I$258,"-----") -> ***** | AD47: =_xlfn.XLOOKUP(VALUE(AE47),Sheet2!$N$3:$N$1000,Sheet2!$O$3:$O$1000,"********") -> ******** | AE47: =IF(VALUE(AF47)<0,DEC2OCT(OCT2DEC(VALUE(C47))-OCT2DEC(-VALUE(AF47))),DEC2OCT(OCT2DEC(VALUE(C47))+OCT2DEC(VALUE(AF47)))) -> 107 | AF47: =IF(R47<200,"+"&TEXT(R47,"0"),"-"&TEXT(_xlfn.XLOOKUP(R47,Sheet2!$K$3:$K$130,Sheet2!$L$3:$L$130,"-----"),"0")) -> -1 | AG47: =IF(T47=1,"@","") -> @ | AH47: =IF(Q47=0,"JMP "&AJ47, IF(Q47=1,"JSR "&AJ47,IF(Q47=2,"ISZ "&AJ47,"DSZ "&AJ47))) -> JSR @-1,3 | AI47: =TEXT(Q47,"0")&","&AG47&AB47 -> 1,@-1,3 | AJ47: =AG47&AB47 -> @-1,3 | AK47: =AL47&AN47&AM47&AO47&" "&TEXT(U47,"0")&","&TEXT(V47,"0")&AP47 -> ANDCS# 3,1,SBN | AL47: =IF(W47=0,"COM",IF(W47=1,"NEG",IF(W47=2,"MOV",IF(W47=3,"INC",IF(W47=4,"ADC",IF(W47=5,"SUB",IF(W47=6,"ADD","AND"))))))) -> AND | AM47: =IF(X47=0,"",IF(X47=1,"L",IF(X47=2,"R","S"))) -> S | AN47: =IF(Y47=0,"",IF(Y47=1,"Z",IF(Y47=2,"O","C"))) -> C | AO47: =IF(Z47=1,"#","") -> # | AP47: =IF(AA47=0,"",IF(AA47=1,",SKP",IF(AA47=2,",SZC",IF(AA47=3,",SNC",IF(AA47=4,",SZR",IF(AA47=5,",SNR",IF(AA47=6,",SEZ",",SBN"))))))) -> ,SBN | AQ47: =_xlfn.XLOOKUP(D47,Sheet2!$E$3:$E$101,Sheet2!$F$3:$F$101,"******************") -> ****************** | AR47: =IF(AY47=0,"NIO"&AV47&" "&AX47,IF(AY47=7,AZ47&" "&AX47,AS47&" "&TEXT(AT47,"0")&","&AX47)) -> SKPDZ CPU | AS47: =IF(AY47=1,"DIA"&AV47,IF(AY47=2,"DOA"&AV47,IF(AY47=3,"DIB"&AV47,IF(AY47=4,"DOB"&AV47,IF(AY47=5,"DIC"&AV47,"DOC"&AV47))))) -> DOCP | AT47: =V47 -> 1 | AU47: =X47 -> 3 | AV47: =IF(AU47=0,"",IF(AU47=1,"S",IF(AU47=2,"C","P"))) -> P | AW47: =M47*10+N47 -> 77 | AX47: =_xlfn.XLOOKUP(AW47,Sheet2!$Q$3:$Q$66,Sheet2!$R$3:$R$66,"**") -> CPU | AY47: =W47 -> 7 | AZ47: =IF(AU47=0,"SKPBN",IF(AU47=1,"SKPBZ",IF(AU47=2,"SKPDN","SKPDZ"))) -> SKPDZ
B48: =B47+1 -> 54 | C48: =IF(MOD(C47,10)=7,C47+3,C47+1) -> 111 | D48: 157777 | E48: =_xlfn.XLOOKUP(C48,Sheet2!$N$3:$N$1000,Sheet2!$O$3:$O$1000,"") | G48: =DEC2OCT((2*(OCT2DEC(I48*100)+OCT2DEC(J48*10)+K48))+INT(L48/4)) -> 337 | H48: =(MOD(L48,4)*100)+(M48*10)+N48 -> 377 | I48: =MOD(INT(D48/100000),10) -> 1 | J48: =MOD(INT(D48/10000),10) -> 5 | K48: =MOD(INT(D48/1000),10) -> 7 | L48: =MOD(INT(D48/100),10) -> 7 | M48: =MOD(INT(D48/10),10) -> 7 | N48: =MOD(D48,10) -> 7 | O48: =INT(K48/4)+(J48*2)+(I48*16) -> 27 | P48: =(I48*4)+INT(J48/2) -> 6 | Q48: =V48 -> 3 | R48: =(MOD(L48,4)*100)+(M48*10)+N48 -> 377 | S48: =(MOD(K48,2)*2)+INT(L48/4) -> 3 | T48: =MOD(INT(K48/2),2) -> 1 | U48: =INT(J48/2) -> 2 | V48: =(MOD(J48,2)*2)+INT(K48/4) -> 3 | W48: =(MOD(K48,4)*2)+INT(L48/4) -> 7 | X48: =MOD(L48,4) -> 3 | Y48: =INT(M48/2) -> 3 | Z48: =MOD(M48,2) -> 1 | AA48: =N48 -> 7 | AB48: =IF(S48=0,AC48,IF(S48=1,IF(AD48="********",AF48,AD48),AF48&","&TEXT(S48,"0"))) -> -1,3 | AC48: =_xlfn.XLOOKUP(R48,Sheet2!$H$3:$H$258,Sheet2!$I$3:$I$258,"-----") -> ***** | AD48: =_xlfn.XLOOKUP(VALUE(AE48),Sheet2!$N$3:$N$1000,Sheet2!$O$3:$O$1000,"********") -> ******** | AE48: =IF(VALUE(AF48)<0,DEC2OCT(OCT2DEC(VALUE(C48))-OCT2DEC(-VALUE(AF48))),DEC2OCT(OCT2DEC(VALUE(C48))+OCT2DEC(VALUE(AF48)))) -> 110 | AF48: =IF(R48<200,"+"&TEXT(R48,"0"),"-"&TEXT(_xlfn.XLOOKUP(R48,Sheet2!$K$3:$K$130,Sheet2!$L$3:$L$130,"-----"),"0")) -> -1 | AG48: =IF(T48=1,"@","") -> @ | AH48: =IF(Q48=0,"JMP "&AJ48, IF(Q48=1,"JSR "&AJ48,IF(Q48=2,"ISZ "&AJ48,"DSZ "&AJ48))) -> DSZ @-1,3 | AI48: =TEXT(Q48,"0")&","&AG48&AB48 -> 3,@-1,3 | AJ48: =AG48&AB48 -> @-1,3 | AK48: =AL48&AN48&AM48&AO48&" "&TEXT(U48,"0")&","&TEXT(V48,"0")&AP48 -> ANDCS# 2,3,SBN | AL48: =IF(W48=0,"COM",IF(W48=1,"NEG",IF(W48=2,"MOV",IF(W48=3,"INC",IF(W48=4,"ADC",IF(W48=5,"SUB",IF(W48=6,"ADD","AND"))))))) -> AND | AM48: =IF(X48=0,"",IF(X48=1,"L",IF(X48=2,"R","S"))) -> S | AN48: =IF(Y48=0,"",IF(Y48=1,"Z",IF(Y48=2,"O","C"))) -> C | AO48: =IF(Z48=1,"#","") -> # | AP48: =IF(AA48=0,"",IF(AA48=1,",SKP",IF(AA48=2,",SZC",IF(AA48=3,",SNC",IF(AA48=4,",SZR",IF(AA48=5,",SNR",IF(AA48=6,",SEZ",",SBN"))))))) -> ,SBN | AQ48: =_xlfn.XLOOKUP(D48,Sheet2!$E$3:$E$101,Sheet2!$F$3:$F$101,"******************") -> ****************** | AR48: =IF(AY48=0,"NIO"&AV48&" "&AX48,IF(AY48=7,AZ48&" "&AX48,AS48&" "&TEXT(AT48,"0")&","&AX48)) -> SKPDZ CPU | AS48: =IF(AY48=1,"DIA"&AV48,IF(AY48=2,"DOA"&AV48,IF(AY48=3,"DIB"&AV48,IF(AY48=4,"DOB"&AV48,IF(AY48=5,"DIC"&AV48,"DOC"&AV48))))) -> DOCP | AT48: =V48 -> 3 | AU48: =X48 -> 3 | AV48: =IF(AU48=0,"",IF(AU48=1,"S",IF(AU48=2,"C","P"))) -> P | AW48: =M48*10+N48 -> 77 | AX48: =_xlfn.XLOOKUP(AW48,Sheet2!$Q$3:$Q$66,Sheet2!$R$3:$R$66,"**") -> CPU | AY48: =W48 -> 7 | AZ48: =IF(AU48=0,"SKPBN",IF(AU48=1,"SKPBZ",IF(AU48=2,"SKPDN","SKPDZ"))) -> SKPDZ
B49: =B48+1 -> 55 | C49: =IF(MOD(C48,10)=7,C48+3,C48+1) -> 112 | D49: 137777 | E49: =_xlfn.XLOOKUP(C49,Sheet2!$N$3:$N$1000,Sheet2!$O$3:$O$1000,"") | G49: =DEC2OCT((2*(OCT2DEC(I49*100)+OCT2DEC(J49*10)+K49))+INT(L49/4)) -> 277 | H49: =(MOD(L49,4)*100)+(M49*10)+N49 -> 377 | I49: =MOD(INT(D49/100000),10) -> 1 | J49: =MOD(INT(D49/10000),10) -> 3 | K49: =MOD(INT(D49/1000),10) -> 7 | L49: =MOD(INT(D49/100),10) -> 7 | M49: =MOD(INT(D49/10),10) -> 7 | N49: =MOD(D49,10) -> 7 | O49: =INT(K49/4)+(J49*2)+(I49*16) -> 23 | P49: =(I49*4)+INT(J49/2) -> 5 | Q49: =V49 -> 3 | R49: =(MOD(L49,4)*100)+(M49*10)+N49 -> 377 | S49: =(MOD(K49,2)*2)+INT(L49/4) -> 3 | T49: =MOD(INT(K49/2),2) -> 1 | U49: =INT(J49/2) -> 1 | V49: =(MOD(J49,2)*2)+INT(K49/4) -> 3 | W49: =(MOD(K49,4)*2)+INT(L49/4) -> 7 | X49: =MOD(L49,4) -> 3 | Y49: =INT(M49/2) -> 3 | Z49: =MOD(M49,2) -> 1 | AA49: =N49 -> 7 | AB49: =IF(S49=0,AC49,IF(S49=1,IF(AD49="********",AF49,AD49),AF49&","&TEXT(S49,"0"))) -> -1,3 | AC49: =_xlfn.XLOOKUP(R49,Sheet2!$H$3:$H$258,Sheet2!$I$3:$I$258,"-----") -> ***** | AD49: =_xlfn.XLOOKUP(VALUE(AE49),Sheet2!$N$3:$N$1000,Sheet2!$O$3:$O$1000,"********") -> ******** | AE49: =IF(VALUE(AF49)<0,DEC2OCT(OCT2DEC(VALUE(C49))-OCT2DEC(-VALUE(AF49))),DEC2OCT(OCT2DEC(VALUE(C49))+OCT2DEC(VALUE(AF49)))) -> 111 | AF49: =IF(R49<200,"+"&TEXT(R49,"0"),"-"&TEXT(_xlfn.XLOOKUP(R49,Sheet2!$K$3:$K$130,Sheet2!$L$3:$L$130,"-----"),"0")) -> -1 | AG49: =IF(T49=1,"@","") -> @ | AH49: =IF(Q49=0,"JMP "&AJ49, IF(Q49=1,"JSR "&AJ49,IF(Q49=2,"ISZ "&AJ49,"DSZ "&AJ49))) -> DSZ @-1,3 | AI49: =TEXT(Q49,"0")&","&AG49&AB49 -> 3,@-1,3 | AJ49: =AG49&AB49 -> @-1,3 | AK49: =AL49&AN49&AM49&AO49&" "&TEXT(U49,"0")&","&TEXT(V49,"0")&AP49 -> ANDCS# 1,3,SBN | AL49: =IF(W49=0,"COM",IF(W49=1,"NEG",IF(W49=2,"MOV",IF(W49=3,"INC",IF(W49=4,"ADC",IF(W49=5,"SUB",IF(W49=6,"ADD","AND"))))))) -> AND | AM49: =IF(X49=0,"",IF(X49=1,"L",IF(X49=2,"R","S"))) -> S | AN49: =IF(Y49=0,"",IF(Y49=1,"Z",IF(Y49=2,"O","C"))) -> C | AO49: =IF(Z49=1,"#","") -> # | AP49: =IF(AA49=0,"",IF(AA49=1,",SKP",IF(AA49=2,",SZC",IF(AA49=3,",SNC",IF(AA49=4,",SZR",IF(AA49=5,",SNR",IF(AA49=6,",SEZ",",SBN"))))))) -> ,SBN | AQ49: =_xlfn.XLOOKUP(D49,Sheet2!$E$3:$E$101,Sheet2!$F$3:$F$101,"******************") -> ****************** | AR49: =IF(AY49=0,"NIO"&AV49&" "&AX49,IF(AY49=7,AZ49&" "&AX49,AS49&" "&TEXT(AT49,"0")&","&AX49)) -> SKPDZ CPU | AS49: =IF(AY49=1,"DIA"&AV49,IF(AY49=2,"DOA"&AV49,IF(AY49=3,"DIB"&AV49,IF(AY49=4,"DOB"&AV49,IF(AY49=5,"DIC"&AV49,"DOC"&AV49))))) -> DOCP | AT49: =V49 -> 3 | AU49: =X49 -> 3 | AV49: =IF(AU49=0,"",IF(AU49=1,"S",IF(AU49=2,"C","P"))) -> P | AW49: =M49*10+N49 -> 77 | AX49: =_xlfn.XLOOKUP(AW49,Sheet2!$Q$3:$Q$66,Sheet2!$R$3:$R$66,"**") -> CPU | AY49: =W49 -> 7 | AZ49: =IF(AU49=0,"SKPBN",IF(AU49=1,"SKPBZ",IF(AU49=2,"SKPDN","SKPDZ"))) -> SKPDZ
B50: 57 | C50: =IF(MOD(C49,10)=7,C49+3,C49+1) -> 113 | D50: 6231 | E50: =_xlfn.XLOOKUP(C50,Sheet2!$N$3:$N$1000,Sheet2!$O$3:$O$1000,"") | G50: =DEC2OCT((2*(OCT2DEC(I50*100)+OCT2DEC(J50*10)+K50))+INT(L50/4)) -> 14 | H50: =(MOD(L50,4)*100)+(M50*10)+N50 -> 231 | I50: =MOD(INT(D50/100000),10) -> 0 | J50: =MOD(INT(D50/10000),10) -> 0 | K50: =MOD(INT(D50/1000),10) -> 6 | L50: =MOD(INT(D50/100),10) -> 2 | M50: =MOD(INT(D50/10),10) -> 3 | N50: =MOD(D50,10) -> 1 | O50: =INT(K50/4)+(J50*2)+(I50*16) -> 1 | P50: =(I50*4)+INT(J50/2) -> 0 | Q50: =V50 -> 1 | R50: =(MOD(L50,4)*100)+(M50*10)+N50 -> 231 | S50: =(MOD(K50,2)*2)+INT(L50/4) -> 0 | T50: =MOD(INT(K50/2),2) -> 1 | U50: =INT(J50/2) -> 0 | V50: =(MOD(J50,2)*2)+INT(K50/4) -> 1 | W50: =(MOD(K50,4)*2)+INT(L50/4) -> 4 | X50: =MOD(L50,4) -> 2 | Y50: =INT(M50/2) -> 1 | Z50: =MOD(M50,2) -> 1 | AA50: =N50 -> 1 | AB50: =IF(S50=0,AC50,IF(S50=1,IF(AD50="********",AF50,AD50),AF50&","&TEXT(S50,"0"))) -> I.RC0 | AC50: =_xlfn.XLOOKUP(R50,Sheet2!$H$3:$H$258,Sheet2!$I$3:$I$258,"-----") -> I.RC0 | AD50: =_xlfn.XLOOKUP(VALUE(AE50),Sheet2!$N$3:$N$1000,Sheet2!$O$3:$O$1000,"********") -> ******** | AE50: =IF(VALUE(AF50)<0,DEC2OCT(OCT2DEC(VALUE(C50))-OCT2DEC(-VALUE(AF50))),DEC2OCT(OCT2DEC(VALUE(C50))+OCT2DEC(VALUE(AF50)))) -> 7777777744 | AF50: =IF(R50<200,"+"&TEXT(R50,"0"),"-"&TEXT(_xlfn.XLOOKUP(R50,Sheet2!$K$3:$K$130,Sheet2!$L$3:$L$130,"-----"),"0")) -> -147 | AG50: =IF(T50=1,"@","") -> @ | AH50: =IF(Q50=0,"JMP "&AJ50, IF(Q50=1,"JSR "&AJ50,IF(Q50=2,"ISZ "&AJ50,"DSZ "&AJ50))) -> JSR @I.RC0 | AI50: =TEXT(Q50,"0")&","&AG50&AB50 -> 1,@I.RC0 | AJ50: =AG50&AB50 -> @I.RC0 | AK50: =AL50&AN50&AM50&AO50&" "&TEXT(U50,"0")&","&TEXT(V50,"0")&AP50 -> ADCZR# 0,1,SKP | AL50: =IF(W50=0,"COM",IF(W50=1,"NEG",IF(W50=2,"MOV",IF(W50=3,"INC",IF(W50=4,"ADC",IF(W50=5,"SUB",IF(W50=6,"ADD","AND"))))))) -> ADC | AM50: =IF(X50=0,"",IF(X50=1,"L",IF(X50=2,"R","S"))) -> R | AN50: =IF(Y50=0,"",IF(Y50=1,"Z",IF(Y50=2,"O","C"))) -> Z | AO50: =IF(Z50=1,"#","") -> # | AP50: =IF(AA50=0,"",IF(AA50=1,",SKP",IF(AA50=2,",SZC",IF(AA50=3,",SNC",IF(AA50=4,",SZR",IF(AA50=5,",SNR",IF(AA50=6,",SEZ",",SBN"))))))) -> ,SKP | AQ50: =_xlfn.XLOOKUP(D50,Sheet2!$E$3:$E$101,Sheet2!$F$3:$F$101,"******************") -> RECL0 | AR50: =IF(AY50=0,"NIO"&AV50&" "&AX50,IF(AY50=7,AZ50&" "&AX50,AS50&" "&TEXT(AT50,"0")&","&AX50)) -> DOBC 1,IBM2 | AS50: =IF(AY50=1,"DIA"&AV50,IF(AY50=2,"DOA"&AV50,IF(AY50=3,"DIB"&AV50,IF(AY50=4,"DOB"&AV50,IF(AY50=5,"DIC"&AV50,"DOC"&AV50))))) -> DOBC | AT50: =V50 -> 1 | AU50: =X50 -> 2 | AV50: =IF(AU50=0,"",IF(AU50=1,"S",IF(AU50=2,"C","P"))) -> C | AW50: =M50*10+N50 -> 31 | AX50: =_xlfn.XLOOKUP(AW50,Sheet2!$Q$3:$Q$66,Sheet2!$R$3:$R$66,"**") -> IBM2 | AY50: =W50 -> 4 | AZ50: =IF(AU50=0,"SKPBN",IF(AU50=1,"SKPBZ",IF(AU50=2,"SKPDN","SKPDZ"))) -> SKPDN
B51: =B50+1 -> 58 | C51: =IF(MOD(C50,10)=7,C50+3,C50+1) -> 114 | D51: 6232 | E51: =_xlfn.XLOOKUP(C51,Sheet2!$N$3:$N$1000,Sheet2!$O$3:$O$1000,"") | G51: =DEC2OCT((2*(OCT2DEC(I51*100)+OCT2DEC(J51*10)+K51))+INT(L51/4)) -> 14 | H51: =(MOD(L51,4)*100)+(M51*10)+N51 -> 232 | I51: =MOD(INT(D51/100000),10) -> 0 | J51: =MOD(INT(D51/10000),10) -> 0 | K51: =MOD(INT(D51/1000),10) -> 6 | L51: =MOD(INT(D51/100),10) -> 2 | M51: =MOD(INT(D51/10),10) -> 3 | N51: =MOD(D51,10) -> 2 | O51: =INT(K51/4)+(J51*2)+(I51*16) -> 1 | P51: =(I51*4)+INT(J51/2) -> 0 | Q51: =V51 -> 1 | R51: =(MOD(L51,4)*100)+(M51*10)+N51 -> 232 | S51: =(MOD(K51,2)*2)+INT(L51/4) -> 0 | T51: =MOD(INT(K51/2),2) -> 1 | U51: =INT(J51/2) -> 0 | V51: =(MOD(J51,2)*2)+INT(K51/4) -> 1 | W51: =(MOD(K51,4)*2)+INT(L51/4) -> 4 | X51: =MOD(L51,4) -> 2 | Y51: =INT(M51/2) -> 1 | Z51: =MOD(M51,2) -> 1 | AA51: =N51 -> 2 | AB51: =IF(S51=0,AC51,IF(S51=1,IF(AD51="********",AF51,AD51),AF51&","&TEXT(S51,"0"))) -> I.RC1 | AC51: =_xlfn.XLOOKUP(R51,Sheet2!$H$3:$H$258,Sheet2!$I$3:$I$258,"-----") -> I.RC1 | AD51: =_xlfn.XLOOKUP(VALUE(AE51),Sheet2!$N$3:$N$1000,Sheet2!$O$3:$O$1000,"********") -> ******** | AE51: =IF(VALUE(AF51)<0,DEC2OCT(OCT2DEC(VALUE(C51))-OCT2DEC(-VALUE(AF51))),DEC2OCT(OCT2DEC(VALUE(C51))+OCT2DEC(VALUE(AF51)))) -> 7777777746 | AF51: =IF(R51<200,"+"&TEXT(R51,"0"),"-"&TEXT(_xlfn.XLOOKUP(R51,Sheet2!$K$3:$K$130,Sheet2!$L$3:$L$130,"-----"),"0")) -> -146 | AG51: =IF(T51=1,"@","") -> @ | AH51: =IF(Q51=0,"JMP "&AJ51, IF(Q51=1,"JSR "&AJ51,IF(Q51=2,"ISZ "&AJ51,"DSZ "&AJ51))) -> JSR @I.RC1 | AI51: =TEXT(Q51,"0")&","&AG51&AB51 -> 1,@I.RC1 | AJ51: =AG51&AB51 -> @I.RC1 | AK51: =AL51&AN51&AM51&AO51&" "&TEXT(U51,"0")&","&TEXT(V51,"0")&AP51 -> ADCZR# 0,1,SZC | AL51: =IF(W51=0,"COM",IF(W51=1,"NEG",IF(W51=2,"MOV",IF(W51=3,"INC",IF(W51=4,"ADC",IF(W51=5,"SUB",IF(W51=6,"ADD","AND"))))))) -> ADC | AM51: =IF(X51=0,"",IF(X51=1,"L",IF(X51=2,"R","S"))) -> R | AN51: =IF(Y51=0,"",IF(Y51=1,"Z",IF(Y51=2,"O","C"))) -> Z | AO51: =IF(Z51=1,"#","") -> # | AP51: =IF(AA51=0,"",IF(AA51=1,",SKP",IF(AA51=2,",SZC",IF(AA51=3,",SNC",IF(AA51=4,",SZR",IF(AA51=5,",SNR",IF(AA51=6,",SEZ",",SBN"))))))) -> ,SZC | AQ51: =_xlfn.XLOOKUP(D51,Sheet2!$E$3:$E$101,Sheet2!$F$3:$F$101,"******************") -> RECL1 | AR51: =IF(AY51=0,"NIO"&AV51&" "&AX51,IF(AY51=7,AZ51&" "&AX51,AS51&" "&TEXT(AT51,"0")&","&AX51)) -> DOBC 1,** | AS51: =IF(AY51=1,"DIA"&AV51,IF(AY51=2,"DOA"&AV51,IF(AY51=3,"DIB"&AV51,IF(AY51=4,"DOB"&AV51,IF(AY51=5,"DIC"&AV51,"DOC"&AV51))))) -> DOBC | AT51: =V51 -> 1 | AU51: =X51 -> 2 | AV51: =IF(AU51=0,"",IF(AU51=1,"S",IF(AU51=2,"C","P"))) -> C | AW51: =M51*10+N51 -> 32 | AX51: =_xlfn.XLOOKUP(AW51,Sheet2!$Q$3:$Q$66,Sheet2!$R$3:$R$66,"**") -> ** | AY51: =W51 -> 4 | AZ51: =IF(AU51=0,"SKPBN",IF(AU51=1,"SKPBZ",IF(AU51=2,"SKPDN","SKPDZ"))) -> SKPDN
B52: =B51+1 -> 59 | C52: =IF(MOD(C51,10)=7,C51+3,C51+1) -> 115 | D52: 6233 | E52: =_xlfn.XLOOKUP(C52,Sheet2!$N$3:$N$1000,Sheet2!$O$3:$O$1000,"") | G52: =DEC2OCT((2*(OCT2DEC(I52*100)+OCT2DEC(J52*10)+K52))+INT(L52/4)) -> 14 | H52: =(MOD(L52,4)*100)+(M52*10)+N52 -> 233 | I52: =MOD(INT(D52/100000),10) -> 0 | J52: =MOD(INT(D52/10000),10) -> 0 | K52: =MOD(INT(D52/1000),10) -> 6 | L52: =MOD(INT(D52/100),10) -> 2 | M52: =MOD(INT(D52/10),10) -> 3 | N52: =MOD(D52,10) -> 3 | O52: =INT(K52/4)+(J52*2)+(I52*16) -> 1 | P52: =(I52*4)+INT(J52/2) -> 0 | Q52: =V52 -> 1 | R52: =(MOD(L52,4)*100)+(M52*10)+N52 -> 233 | S52: =(MOD(K52,2)*2)+INT(L52/4) -> 0 | T52: =MOD(INT(K52/2),2) -> 1 | U52: =INT(J52/2) -> 0 | V52: =(MOD(J52,2)*2)+INT(K52/4) -> 1 | W52: =(MOD(K52,4)*2)+INT(L52/4) -> 4 | X52: =MOD(L52,4) -> 2 | Y52: =INT(M52/2) -> 1 | Z52: =MOD(M52,2) -> 1 | AA52: =N52 -> 3 | AB52: =IF(S52=0,AC52,IF(S52=1,IF(AD52="********",AF52,AD52),AF52&","&TEXT(S52,"0"))) -> I.RC2 | AC52: =_xlfn.XLOOKUP(R52,Sheet2!$H$3:$H$258,Sheet2!$I$3:$I$258,"-----") -> I.RC2 | AD52: =_xlfn.XLOOKUP(VALUE(AE52),Sheet2!$N$3:$N$1000,Sheet2!$O$3:$O$1000,"********") -> ******** | AE52: =IF(VALUE(AF52)<0,DEC2OCT(OCT2DEC(VALUE(C52))-OCT2DEC(-VALUE(AF52))),DEC2OCT(OCT2DEC(VALUE(C52))+OCT2DEC(VALUE(AF52)))) -> 7777777750 | AF52: =IF(R52<200,"+"&TEXT(R52,"0"),"-"&TEXT(_xlfn.XLOOKUP(R52,Sheet2!$K$3:$K$130,Sheet2!$L$3:$L$130,"-----"),"0")) -> -145 | AG52: =IF(T52=1,"@","") -> @ | AH52: =IF(Q52=0,"JMP "&AJ52, IF(Q52=1,"JSR "&AJ52,IF(Q52=2,"ISZ "&AJ52,"DSZ "&AJ52))) -> JSR @I.RC2 | AI52: =TEXT(Q52,"0")&","&AG52&AB52 -> 1,@I.RC2 | AJ52: =AG52&AB52 -> @I.RC2 | AK52: =AL52&AN52&AM52&AO52&" "&TEXT(U52,"0")&","&TEXT(V52,"0")&AP52 -> ADCZR# 0,1,SNC | AL52: =IF(W52=0,"COM",IF(W52=1,"NEG",IF(W52=2,"MOV",IF(W52=3,"INC",IF(W52=4,"ADC",IF(W52=5,"SUB",IF(W52=6,"ADD","AND"))))))) -> ADC | AM52: =IF(X52=0,"",IF(X52=1,"L",IF(X52=2,"R","S"))) -> R | AN52: =IF(Y52=0,"",IF(Y52=1,"Z",IF(Y52=2,"O","C"))) -> Z | AO52: =IF(Z52=1,"#","") -> # | AP52: =IF(AA52=0,"",IF(AA52=1,",SKP",IF(AA52=2,",SZC",IF(AA52=3,",SNC",IF(AA52=4,",SZR",IF(AA52=5,",SNR",IF(AA52=6,",SEZ",",SBN"))))))) -> ,SNC | AQ52: =_xlfn.XLOOKUP(D52,Sheet2!$E$3:$E$101,Sheet2!$F$3:$F$101,"******************") -> RECL2 | AR52: =IF(AY52=0,"NIO"&AV52&" "&AX52,IF(AY52=7,AZ52&" "&AX52,AS52&" "&TEXT(AT52,"0")&","&AX52)) -> DOBC 1,DSKP | AS52: =IF(AY52=1,"DIA"&AV52,IF(AY52=2,"DOA"&AV52,IF(AY52=3,"DIB"&AV52,IF(AY52=4,"DOB"&AV52,IF(AY52=5,"DIC"&AV52,"DOC"&AV52))))) -> DOBC | AT52: =V52 -> 1 | AU52: =X52 -> 2 | AV52: =IF(AU52=0,"",IF(AU52=1,"S",IF(AU52=2,"C","P"))) -> C | AW52: =M52*10+N52 -> 33 | AX52: =_xlfn.XLOOKUP(AW52,Sheet2!$Q$3:$Q$66,Sheet2!$R$3:$R$66,"**") -> DSKP | AY52: =W52 -> 4 | AZ52: =IF(AU52=0,"SKPBN",IF(AU52=1,"SKPBZ",IF(AU52=2,"SKPDN","SKPDZ"))) -> SKPDN
A53: 7L | B53: 1 | C53: =IF(MOD(C52,10)=7,C52+3,C52+1) -> 116 | D53: 6234 | E53: =_xlfn.XLOOKUP(C53,Sheet2!$N$3:$N$1000,Sheet2!$O$3:$O$1000,"") | G53: =DEC2OCT((2*(OCT2DEC(I53*100)+OCT2DEC(J53*10)+K53))+INT(L53/4)) -> 14 | H53: =(MOD(L53,4)*100)+(M53*10)+N53 -> 234 | I53: =MOD(INT(D53/100000),10) -> 0 | J53: =MOD(INT(D53/10000),10) -> 0 | K53: =MOD(INT(D53/1000),10) -> 6 | L53: =MOD(INT(D53/100),10) -> 2 | M53: =MOD(INT(D53/10),10) -> 3 | N53: =MOD(D53,10) -> 4 | O53: =INT(K53/4)+(J53*2)+(I53*16) -> 1 | P53: =(I53*4)+INT(J53/2) -> 0 | Q53: =V53 -> 1 | R53: =(MOD(L53,4)*100)+(M53*10)+N53 -> 234 | S53: =(MOD(K53,2)*2)+INT(L53/4) -> 0 | T53: =MOD(INT(K53/2),2) -> 1 | U53: =INT(J53/2) -> 0 | V53: =(MOD(J53,2)*2)+INT(K53/4) -> 1 | W53: =(MOD(K53,4)*2)+INT(L53/4) -> 4 | X53: =MOD(L53,4) -> 2 | Y53: =INT(M53/2) -> 1 | Z53: =MOD(M53,2) -> 1 | AA53: =N53 -> 4 | AB53: =IF(S53=0,AC53,IF(S53=1,IF(AD53="********",AF53,AD53),AF53&","&TEXT(S53,"0"))) -> I.RC3 | AC53: =_xlfn.XLOOKUP(R53,Sheet2!$H$3:$H$258,Sheet2!$I$3:$I$258,"-----") -> I.RC3 | AD53: =_xlfn.XLOOKUP(VALUE(AE53),Sheet2!$N$3:$N$1000,Sheet2!$O$3:$O$1000,"********") -> ******** | AE53: =IF(VALUE(AF53)<0,DEC2OCT(OCT2DEC(VALUE(C53))-OCT2DEC(-VALUE(AF53))),DEC2OCT(OCT2DEC(VALUE(C53))+OCT2DEC(VALUE(AF53)))) -> 7777777752 | AF53: =IF(R53<200,"+"&TEXT(R53,"0"),"-"&TEXT(_xlfn.XLOOKUP(R53,Sheet2!$K$3:$K$130,Sheet2!$L$3:$L$130,"-----"),"0")) -> -144 | AG53: =IF(T53=1,"@","") -> @ | AH53: =IF(Q53=0,"JMP "&AJ53, IF(Q53=1,"JSR "&AJ53,IF(Q53=2,"ISZ "&AJ53,"DSZ "&AJ53))) -> JSR @I.RC3 | AI53: =TEXT(Q53,"0")&","&AG53&AB53 -> 1,@I.RC3 | AJ53: =AG53&AB53 -> @I.RC3 | AK53: =AL53&AN53&AM53&AO53&" "&TEXT(U53,"0")&","&TEXT(V53,"0")&AP53 -> ADCZR# 0,1,SZR | AL53: =IF(W53=0,"COM",IF(W53=1,"NEG",IF(W53=2,"MOV",IF(W53=3,"INC",IF(W53=4,"ADC",IF(W53=5,"SUB",IF(W53=6,"ADD","AND"))))))) -> ADC | AM53: =IF(X53=0,"",IF(X53=1,"L",IF(X53=2,"R","S"))) -> R | AN53: =IF(Y53=0,"",IF(Y53=1,"Z",IF(Y53=2,"O","C"))) -> Z | AO53: =IF(Z53=1,"#","") -> # | AP53: =IF(AA53=0,"",IF(AA53=1,",SKP",IF(AA53=2,",SZC",IF(AA53=3,",SNC",IF(AA53=4,",SZR",IF(AA53=5,",SNR",IF(AA53=6,",SEZ",",SBN"))))))) -> ,SZR | AQ53: =_xlfn.XLOOKUP(D53,Sheet2!$E$3:$E$101,Sheet2!$F$3:$F$101,"******************") -> RECL3 | AR53: =IF(AY53=0,"NIO"&AV53&" "&AX53,IF(AY53=7,AZ53&" "&AX53,AS53&" "&TEXT(AT53,"0")&","&AX53)) -> DOBC 1,** | AS53: =IF(AY53=1,"DIA"&AV53,IF(AY53=2,"DOA"&AV53,IF(AY53=3,"DIB"&AV53,IF(AY53=4,"DOB"&AV53,IF(AY53=5,"DIC"&AV53,"DOC"&AV53))))) -> DOBC | AT53: =V53 -> 1 | AU53: =X53 -> 2 | AV53: =IF(AU53=0,"",IF(AU53=1,"S",IF(AU53=2,"C","P"))) -> C | AW53: =M53*10+N53 -> 34 | AX53: =_xlfn.XLOOKUP(AW53,Sheet2!$Q$3:$Q$66,Sheet2!$R$3:$R$66,"**") -> ** | AY53: =W53 -> 4 | AZ53: =IF(AU53=0,"SKPBN",IF(AU53=1,"SKPBZ",IF(AU53=2,"SKPDN","SKPDZ"))) -> SKPDN
A54: 7R | B54: =B53+1 -> 2 | C54: =IF(MOD(C53,10)=7,C53+3,C53+1) -> 117 | D54: 3 | E54: =_xlfn.XLOOKUP(C54,Sheet2!$N$3:$N$1000,Sheet2!$O$3:$O$1000,"") | G54: =DEC2OCT((2*(OCT2DEC(I54*100)+OCT2DEC(J54*10)+K54))+INT(L54/4)) -> 0 | H54: =(MOD(L54,4)*100)+(M54*10)+N54 -> 3 | I54: =MOD(INT(D54/100000),10) -> 0 | J54: =MOD(INT(D54/10000),10) -> 0 | K54: =MOD(INT(D54/1000),10) -> 0 | L54: =MOD(INT(D54/100),10) -> 0 | M54: =MOD(INT(D54/10),10) -> 0 | N54: =MOD(D54,10) -> 3 | O54: =INT(K54/4)+(J54*2)+(I54*16) -> 0 | P54: =(I54*4)+INT(J54/2) -> 0 | Q54: =V54 -> 0 | R54: =(MOD(L54,4)*100)+(M54*10)+N54 -> 3 | S54: =(MOD(K54,2)*2)+INT(L54/4) -> 0 | T54: =MOD(INT(K54/2),2) -> 0 | U54: =INT(J54/2) -> 0 | V54: =(MOD(J54,2)*2)+INT(K54/4) -> 0 | W54: =(MOD(K54,4)*2)+INT(L54/4) -> 0 | X54: =MOD(L54,4) -> 0 | Y54: =INT(M54/2) -> 0 | Z54: =MOD(M54,2) -> 0 | AA54: =N54 -> 3 | AB54: =IF(S54=0,AC54,IF(S54=1,IF(AD54="********",AF54,AD54),AF54&","&TEXT(S54,"0"))) -> ***** | AC54: =_xlfn.XLOOKUP(R54,Sheet2!$H$3:$H$258,Sheet2!$I$3:$I$258,"-----") -> ***** | AD54: =_xlfn.XLOOKUP(VALUE(AE54),Sheet2!$N$3:$N$1000,Sheet2!$O$3:$O$1000,"********") -> ******** | AE54: =IF(VALUE(AF54)<0,DEC2OCT(OCT2DEC(VALUE(C54))-OCT2DEC(-VALUE(AF54))),DEC2OCT(OCT2DEC(VALUE(C54))+OCT2DEC(VALUE(AF54)))) -> 122 | AF54: =IF(R54<200,"+"&TEXT(R54,"0"),"-"&TEXT(_xlfn.XLOOKUP(R54,Sheet2!$K$3:$K$130,Sheet2!$L$3:$L$130,"-----"),"0")) -> +3 | AG54: =IF(T54=1,"@","") | AH54: =IF(Q54=0,"JMP "&AJ54, IF(Q54=1,"JSR "&AJ54,IF(Q54=2,"ISZ "&AJ54,"DSZ "&AJ54))) -> JMP ***** | AI54: =TEXT(Q54,"0")&","&AG54&AB54 -> 0,***** | AJ54: =AG54&AB54 -> ***** | AK54: =AL54&AN54&AM54&AO54&" "&TEXT(U54,"0")&","&TEXT(V54,"0")&AP54 -> COM 0,0,SNC | AL54: =IF(W54=0,"COM",IF(W54=1,"NEG",IF(W54=2,"MOV",IF(W54=3,"INC",IF(W54=4,"ADC",IF(W54=5,"SUB",IF(W54=6,"ADD","AND"))))))) -> COM | AM54: =IF(X54=0,"",IF(X54=1,"L",IF(X54=2,"R","S"))) | AN54: =IF(Y54=0,"",IF(Y54=1,"Z",IF(Y54=2,"O","C"))) | AO54: =IF(Z54=1,"#","") | AP54: =IF(AA54=0,"",IF(AA54=1,",SKP",IF(AA54=2,",SZC",IF(AA54=3,",SNC",IF(AA54=4,",SZR",IF(AA54=5,",SNR",IF(AA54=6,",SEZ",",SBN"))))))) -> ,SNC | AQ54: =_xlfn.XLOOKUP(D54,Sheet2!$E$3:$E$101,Sheet2!$F$3:$F$101,"******************") -> ****************** | AR54: =IF(AY54=0,"NIO"&AV54&" "&AX54,IF(AY54=7,AZ54&" "&AX54,AS54&" "&TEXT(AT54,"0")&","&AX54)) -> NIO MAP1 | AS54: =IF(AY54=1,"DIA"&AV54,IF(AY54=2,"DOA"&AV54,IF(AY54=3,"DIB"&AV54,IF(AY54=4,"DOB"&AV54,IF(AY54=5,"DIC"&AV54,"DOC"&AV54))))) -> DOC | AT54: =V54 -> 0 | AU54: =X54 -> 0 | AV54: =IF(AU54=0,"",IF(AU54=1,"S",IF(AU54=2,"C","P"))) | AW54: =M54*10+N54 -> 3 | AX54: =_xlfn.XLOOKUP(AW54,Sheet2!$Q$3:$Q$66,Sheet2!$R$3:$R$66,"**") -> MAP1 | AY54: =W54 -> 0 | AZ54: =IF(AU54=0,"SKPBN",IF(AU54=1,"SKPBZ",IF(AU54=2,"SKPDN","SKPDZ"))) -> SKPBN
B55: =B54+1 -> 3 | C55: =IF(MOD(C54,10)=7,C54+3,C54+1) -> 120 | D55: 7 | E55: =_xlfn.XLOOKUP(C55,Sheet2!$N$3:$N$1000,Sheet2!$O$3:$O$1000,"") | G55: =DEC2OCT((2*(OCT2DEC(I55*100)+OCT2DEC(J55*10)+K55))+INT(L55/4)) -> 0 | H55: =(MOD(L55,4)*100)+(M55*10)+N55 -> 7 | I55: =MOD(INT(D55/100000),10) -> 0 | J55: =MOD(INT(D55/10000),10) -> 0 | K55: =MOD(INT(D55/1000),10) -> 0 | L55: =MOD(INT(D55/100),10) -> 0 | M55: =MOD(INT(D55/10),10) -> 0 | N55: =MOD(D55,10) -> 7 | O55: =INT(K55/4)+(J55*2)+(I55*16) -> 0 | P55: =(I55*4)+INT(J55/2) -> 0 | Q55: =V55 -> 0 | R55: =(MOD(L55,4)*100)+(M55*10)+N55 -> 7 | S55: =(MOD(K55,2)*2)+INT(L55/4) -> 0 | T55: =MOD(INT(K55/2),2) -> 0 | U55: =INT(J55/2) -> 0 | V55: =(MOD(J55,2)*2)+INT(K55/4) -> 0 | W55: =(MOD(K55,4)*2)+INT(L55/4) -> 0 | X55: =MOD(L55,4) -> 0 | Y55: =INT(M55/2) -> 0 | Z55: =MOD(M55,2) -> 0 | AA55: =N55 -> 7 | AB55: =IF(S55=0,AC55,IF(S55=1,IF(AD55="********",AF55,AD55),AF55&","&TEXT(S55,"0"))) -> TS | AC55: =_xlfn.XLOOKUP(R55,Sheet2!$H$3:$H$258,Sheet2!$I$3:$I$258,"-----") -> TS | AD55: =_xlfn.XLOOKUP(VALUE(AE55),Sheet2!$N$3:$N$1000,Sheet2!$O$3:$O$1000,"********") -> ******** | AE55: =IF(VALUE(AF55)<0,DEC2OCT(OCT2DEC(VALUE(C55))-OCT2DEC(-VALUE(AF55))),DEC2OCT(OCT2DEC(VALUE(C55))+OCT2DEC(VALUE(AF55)))) -> 127 | AF55: =IF(R55<200,"+"&TEXT(R55,"0"),"-"&TEXT(_xlfn.XLOOKUP(R55,Sheet2!$K$3:$K$130,Sheet2!$L$3:$L$130,"-----"),"0")) -> +7 | AG55: =IF(T55=1,"@","") | AH55: =IF(Q55=0,"JMP "&AJ55, IF(Q55=1,"JSR "&AJ55,IF(Q55=2,"ISZ "&AJ55,"DSZ "&AJ55))) -> JMP TS | AI55: =TEXT(Q55,"0")&","&AG55&AB55 -> 0,TS | AJ55: =AG55&AB55 -> TS | AK55: =AL55&AN55&AM55&AO55&" "&TEXT(U55,"0")&","&TEXT(V55,"0")&AP55 -> COM 0,0,SBN | AL55: =IF(W55=0,"COM",IF(W55=1,"NEG",IF(W55=2,"MOV",IF(W55=3,"INC",IF(W55=4,"ADC",IF(W55=5,"SUB",IF(W55=6,"ADD","AND"))))))) -> COM | AM55: =IF(X55=0,"",IF(X55=1,"L",IF(X55=2,"R","S"))) | AN55: =IF(Y55=0,"",IF(Y55=1,"Z",IF(Y55=2,"O","C"))) | AO55: =IF(Z55=1,"#","") | AP55: =IF(AA55=0,"",IF(AA55=1,",SKP",IF(AA55=2,",SZC",IF(AA55=3,",SNC",IF(AA55=4,",SZR",IF(AA55=5,",SNR",IF(AA55=6,",SEZ",",SBN"))))))) -> ,SBN | AQ55: =_xlfn.XLOOKUP(D55,Sheet2!$E$3:$E$101,Sheet2!$F$3:$F$101,"******************") -> ****************** | AR55: =IF(AY55=0,"NIO"&AV55&" "&AX55,IF(AY55=7,AZ55&" "&AX55,AS55&" "&TEXT(AT55,"0")&","&AX55)) -> NIO MCAR | AS55: =IF(AY55=1,"DIA"&AV55,IF(AY55=2,"DOA"&AV55,IF(AY55=3,"DIB"&AV55,IF(AY55=4,"DOB"&AV55,IF(AY55=5,"DIC"&AV55,"DOC"&AV55))))) -> DOC | AT55: =V55 -> 0 | AU55: =X55 -> 0 | AV55: =IF(AU55=0,"",IF(AU55=1,"S",IF(AU55=2,"C","P"))) | AW55: =M55*10+N55 -> 7 | AX55: =_xlfn.XLOOKUP(AW55,Sheet2!$Q$3:$Q$66,Sheet2!$R$3:$R$66,"**") -> MCAR | AY55: =W55 -> 0 | AZ55: =IF(AU55=0,"SKPBN",IF(AU55=1,"SKPBZ",IF(AU55=2,"SKPDN","SKPDZ"))) -> SKPBN
B56: =B55+1 -> 4 | C56: =IF(MOD(C55,10)=7,C55+3,C55+1) -> 121 | D56: 17 | E56: =_xlfn.XLOOKUP(C56,Sheet2!$N$3:$N$1000,Sheet2!$O$3:$O$1000,"") | G56: =DEC2OCT((2*(OCT2DEC(I56*100)+OCT2DEC(J56*10)+K56))+INT(L56/4)) -> 0 | H56: =(MOD(L56,4)*100)+(M56*10)+N56 -> 17 | I56: =MOD(INT(D56/100000),10) -> 0 | J56: =MOD(INT(D56/10000),10) -> 0 | K56: =MOD(INT(D56/1000),10) -> 0 | L56: =MOD(INT(D56/100),10) -> 0 | M56: =MOD(INT(D56/10),10) -> 1 | N56: =MOD(D56,10) -> 7 | O56: =INT(K56/4)+(J56*2)+(I56*16) -> 0 | P56: =(I56*4)+INT(J56/2) -> 0 | Q56: =V56 -> 0 | R56: =(MOD(L56,4)*100)+(M56*10)+N56 -> 17 | S56: =(MOD(K56,2)*2)+INT(L56/4) -> 0 | T56: =MOD(INT(K56/2),2) -> 0 | U56: =INT(J56/2) -> 0 | V56: =(MOD(J56,2)*2)+INT(K56/4) -> 0 | W56: =(MOD(K56,4)*2)+INT(L56/4) -> 0 | X56: =MOD(L56,4) -> 0 | Y56: =INT(M56/2) -> 0 | Z56: =MOD(M56,2) -> 1 | AA56: =N56 -> 7 | AB56: =IF(S56=0,AC56,IF(S56=1,IF(AD56="********",AF56,AD56),AF56&","&TEXT(S56,"0"))) -> ***** | AC56: =_xlfn.XLOOKUP(R56,Sheet2!$H$3:$H$258,Sheet2!$I$3:$I$258,"-----") -> ***** | AD56: =_xlfn.XLOOKUP(VALUE(AE56),Sheet2!$N$3:$N$1000,Sheet2!$O$3:$O$1000,"********") -> ******** | AE56: =IF(VALUE(AF56)<0,DEC2OCT(OCT2DEC(VALUE(C56))-OCT2DEC(-VALUE(AF56))),DEC2OCT(OCT2DEC(VALUE(C56))+OCT2DEC(VALUE(AF56)))) -> 140 | AF56: =IF(R56<200,"+"&TEXT(R56,"0"),"-"&TEXT(_xlfn.XLOOKUP(R56,Sheet2!$K$3:$K$130,Sheet2!$L$3:$L$130,"-----"),"0")) -> +17 | AG56: =IF(T56=1,"@","") | AH56: =IF(Q56=0,"JMP "&AJ56, IF(Q56=1,"JSR "&AJ56,IF(Q56=2,"ISZ "&AJ56,"DSZ "&AJ56))) -> JMP ***** | AI56: =TEXT(Q56,"0")&","&AG56&AB56 -> 0,***** | AJ56: =AG56&AB56 -> ***** | AK56: =AL56&AN56&AM56&AO56&" "&TEXT(U56,"0")&","&TEXT(V56,"0")&AP56 -> COM# 0,0,SBN | AL56: =IF(W56=0,"COM",IF(W56=1,"NEG",IF(W56=2,"MOV",IF(W56=3,"INC",IF(W56=4,"ADC",IF(W56=5,"SUB",IF(W56=6,"ADD","AND"))))))) -> COM | AM56: =IF(X56=0,"",IF(X56=1,"L",IF(X56=2,"R","S"))) | AN56: =IF(Y56=0,"",IF(Y56=1,"Z",IF(Y56=2,"O","C"))) | AO56: =IF(Z56=1,"#","") -> # | AP56: =IF(AA56=0,"",IF(AA56=1,",SKP",IF(AA56=2,",SZC",IF(AA56=3,",SNC",IF(AA56=4,",SZR",IF(AA56=5,",SNR",IF(AA56=6,",SEZ",",SBN"))))))) -> ,SBN | AQ56: =_xlfn.XLOOKUP(D56,Sheet2!$E$3:$E$101,Sheet2!$F$3:$F$101,"******************") -> 17 ;HEAD=0, SECT=0,1 SECTOR | AR56: =IF(AY56=0,"NIO"&AV56&" "&AX56,IF(AY56=7,AZ56&" "&AX56,AS56&" "&TEXT(AT56,"0")&","&AX56)) -> NIO LPT | AS56: =IF(AY56=1,"DIA"&AV56,IF(AY56=2,"DOA"&AV56,IF(AY56=3,"DIB"&AV56,IF(AY56=4,"DOB"&AV56,IF(AY56=5,"DIC"&AV56,"DOC"&AV56))))) -> DOC | AT56: =V56 -> 0 | AU56: =X56 -> 0 | AV56: =IF(AU56=0,"",IF(AU56=1,"S",IF(AU56=2,"C","P"))) | AW56: =M56*10+N56 -> 17 | AX56: =_xlfn.XLOOKUP(AW56,Sheet2!$Q$3:$Q$66,Sheet2!$R$3:$R$66,"**") -> LPT | AY56: =W56 -> 0 | AZ56: =IF(AU56=0,"SKPBN",IF(AU56=1,"SKPBZ",IF(AU56=2,"SKPDN","SKPDZ"))) -> SKPBN
B57: =B56+1 -> 5 | C57: =IF(MOD(C56,10)=7,C56+3,C56+1) -> 122 | D57: 37 | E57: =_xlfn.XLOOKUP(C57,Sheet2!$N$3:$N$1000,Sheet2!$O$3:$O$1000,"") | G57: =DEC2OCT((2*(OCT2DEC(I57*100)+OCT2DEC(J57*10)+K57))+INT(L57/4)) -> 0 | H57: =(MOD(L57,4)*100)+(M57*10)+N57 -> 37 | I57: =MOD(INT(D57/100000),10) -> 0 | J57: =MOD(INT(D57/10000),10) -> 0 | K57: =MOD(INT(D57/1000),10) -> 0 | L57: =MOD(INT(D57/100),10) -> 0 | M57: =MOD(INT(D57/10),10) -> 3 | N57: =MOD(D57,10) -> 7 | O57: =INT(K57/4)+(J57*2)+(I57*16) -> 0 | P57: =(I57*4)+INT(J57/2) -> 0 | Q57: =V57 -> 0 | R57: =(MOD(L57,4)*100)+(M57*10)+N57 -> 37 | S57: =(MOD(K57,2)*2)+INT(L57/4) -> 0 | T57: =MOD(INT(K57/2),2) -> 0 | U57: =INT(J57/2) -> 0 | V57: =(MOD(J57,2)*2)+INT(K57/4) -> 0 | W57: =(MOD(K57,4)*2)+INT(L57/4) -> 0 | X57: =MOD(L57,4) -> 0 | Y57: =INT(M57/2) -> 1 | Z57: =MOD(M57,2) -> 1 | AA57: =N57 -> 7 | AB57: =IF(S57=0,AC57,IF(S57=1,IF(AD57="********",AF57,AD57),AF57&","&TEXT(S57,"0"))) -> ***** | AC57: =_xlfn.XLOOKUP(R57,Sheet2!$H$3:$H$258,Sheet2!$I$3:$I$258,"-----") -> ***** | AD57: =_xlfn.XLOOKUP(VALUE(AE57),Sheet2!$N$3:$N$1000,Sheet2!$O$3:$O$1000,"********") -> ******** | AE57: =IF(VALUE(AF57)<0,DEC2OCT(OCT2DEC(VALUE(C57))-OCT2DEC(-VALUE(AF57))),DEC2OCT(OCT2DEC(VALUE(C57))+OCT2DEC(VALUE(AF57)))) -> 161 | AF57: =IF(R57<200,"+"&TEXT(R57,"0"),"-"&TEXT(_xlfn.XLOOKUP(R57,Sheet2!$K$3:$K$130,Sheet2!$L$3:$L$130,"-----"),"0")) -> +37 | AG57: =IF(T57=1,"@","") | AH57: =IF(Q57=0,"JMP "&AJ57, IF(Q57=1,"JSR "&AJ57,IF(Q57=2,"ISZ "&AJ57,"DSZ "&AJ57))) -> JMP ***** | AI57: =TEXT(Q57,"0")&","&AG57&AB57 -> 0,***** | AJ57: =AG57&AB57 -> ***** | AK57: =AL57&AN57&AM57&AO57&" "&TEXT(U57,"0")&","&TEXT(V57,"0")&AP57 -> COMZ# 0,0,SBN | AL57: =IF(W57=0,"COM",IF(W57=1,"NEG",IF(W57=2,"MOV",IF(W57=3,"INC",IF(W57=4,"ADC",IF(W57=5,"SUB",IF(W57=6,"ADD","AND"))))))) -> COM | AM57: =IF(X57=0,"",IF(X57=1,"L",IF(X57=2,"R","S"))) | AN57: =IF(Y57=0,"",IF(Y57=1,"Z",IF(Y57=2,"O","C"))) -> Z | AO57: =IF(Z57=1,"#","") -> # | AP57: =IF(AA57=0,"",IF(AA57=1,",SKP",IF(AA57=2,",SZC",IF(AA57=3,",SNC",IF(AA57=4,",SZR",IF(AA57=5,",SNR",IF(AA57=6,",SEZ",",SBN"))))))) -> ,SBN | AQ57: =_xlfn.XLOOKUP(D57,Sheet2!$E$3:$E$101,Sheet2!$F$3:$F$101,"******************") -> ****************** | AR57: =IF(AY57=0,"NIO"&AV57&" "&AX57,IF(AY57=7,AZ57&" "&AX57,AS57&" "&TEXT(AT57,"0")&","&AX57)) -> NIO ** | AS57: =IF(AY57=1,"DIA"&AV57,IF(AY57=2,"DOA"&AV57,IF(AY57=3,"DIB"&AV57,IF(AY57=4,"DOB"&AV57,IF(AY57=5,"DIC"&AV57,"DOC"&AV57))))) -> DOC | AT57: =V57 -> 0 | AU57: =X57 -> 0 | AV57: =IF(AU57=0,"",IF(AU57=1,"S",IF(AU57=2,"C","P"))) | AW57: =M57*10+N57 -> 37 | AX57: =_xlfn.XLOOKUP(AW57,Sheet2!$Q$3:$Q$66,Sheet2!$R$3:$R$66,"**") -> ** | AY57: =W57 -> 0 | AZ57: =IF(AU57=0,"SKPBN",IF(AU57=1,"SKPBZ",IF(AU57=2,"SKPDN","SKPDZ"))) -> SKPBN
B58: =B57+1 -> 6 | C58: =IF(MOD(C57,10)=7,C57+3,C57+1) -> 123 | D58: 77 | E58: =_xlfn.XLOOKUP(C58,Sheet2!$N$3:$N$1000,Sheet2!$O$3:$O$1000,"") | G58: =DEC2OCT((2*(OCT2DEC(I58*100)+OCT2DEC(J58*10)+K58))+INT(L58/4)) -> 0 | H58: =(MOD(L58,4)*100)+(M58*10)+N58 -> 77 | I58: =MOD(INT(D58/100000),10) -> 0 | J58: =MOD(INT(D58/10000),10) -> 0 | K58: =MOD(INT(D58/1000),10) -> 0 | L58: =MOD(INT(D58/100),10) -> 0 | M58: =MOD(INT(D58/10),10) -> 7 | N58: =MOD(D58,10) -> 7 | O58: =INT(K58/4)+(J58*2)+(I58*16) -> 0 | P58: =(I58*4)+INT(J58/2) -> 0 | Q58: =V58 -> 0 | R58: =(MOD(L58,4)*100)+(M58*10)+N58 -> 77 | S58: =(MOD(K58,2)*2)+INT(L58/4) -> 0 | T58: =MOD(INT(K58/2),2) -> 0 | U58: =INT(J58/2) -> 0 | V58: =(MOD(J58,2)*2)+INT(K58/4) -> 0 | W58: =(MOD(K58,4)*2)+INT(L58/4) -> 0 | X58: =MOD(L58,4) -> 0 | Y58: =INT(M58/2) -> 3 | Z58: =MOD(M58,2) -> 1 | AA58: =N58 -> 7 | AB58: =IF(S58=0,AC58,IF(S58=1,IF(AD58="********",AF58,AD58),AF58&","&TEXT(S58,"0"))) -> ZB12 | AC58: =_xlfn.XLOOKUP(R58,Sheet2!$H$3:$H$258,Sheet2!$I$3:$I$258,"-----") -> ZB12 | AD58: =_xlfn.XLOOKUP(VALUE(AE58),Sheet2!$N$3:$N$1000,Sheet2!$O$3:$O$1000,"********") -> ******** | AE58: =IF(VALUE(AF58)<0,DEC2OCT(OCT2DEC(VALUE(C58))-OCT2DEC(-VALUE(AF58))),DEC2OCT(OCT2DEC(VALUE(C58))+OCT2DEC(VALUE(AF58)))) -> 222 | AF58: =IF(R58<200,"+"&TEXT(R58,"0"),"-"&TEXT(_xlfn.XLOOKUP(R58,Sheet2!$K$3:$K$130,Sheet2!$L$3:$L$130,"-----"),"0")) -> +77 | AG58: =IF(T58=1,"@","") | AH58: =IF(Q58=0,"JMP "&AJ58, IF(Q58=1,"JSR "&AJ58,IF(Q58=2,"ISZ "&AJ58,"DSZ "&AJ58))) -> JMP ZB12 | AI58: =TEXT(Q58,"0")&","&AG58&AB58 -> 0,ZB12 | AJ58: =AG58&AB58 -> ZB12 | AK58: =AL58&AN58&AM58&AO58&" "&TEXT(U58,"0")&","&TEXT(V58,"0")&AP58 -> COMC# 0,0,SBN | AL58: =IF(W58=0,"COM",IF(W58=1,"NEG",IF(W58=2,"MOV",IF(W58=3,"INC",IF(W58=4,"ADC",IF(W58=5,"SUB",IF(W58=6,"ADD","AND"))))))) -> COM | AM58: =IF(X58=0,"",IF(X58=1,"L",IF(X58=2,"R","S"))) | AN58: =IF(Y58=0,"",IF(Y58=1,"Z",IF(Y58=2,"O","C"))) -> C | AO58: =IF(Z58=1,"#","") -> # | AP58: =IF(AA58=0,"",IF(AA58=1,",SKP",IF(AA58=2,",SZC",IF(AA58=3,",SNC",IF(AA58=4,",SZR",IF(AA58=5,",SNR",IF(AA58=6,",SEZ",",SBN"))))))) -> ,SBN | AQ58: =_xlfn.XLOOKUP(D58,Sheet2!$E$3:$E$101,Sheet2!$F$3:$F$101,"******************") -> ****************** | AR58: =IF(AY58=0,"NIO"&AV58&" "&AX58,IF(AY58=7,AZ58&" "&AX58,AS58&" "&TEXT(AT58,"0")&","&AX58)) -> NIO CPU | AS58: =IF(AY58=1,"DIA"&AV58,IF(AY58=2,"DOA"&AV58,IF(AY58=3,"DIB"&AV58,IF(AY58=4,"DOB"&AV58,IF(AY58=5,"DIC"&AV58,"DOC"&AV58))))) -> DOC | AT58: =V58 -> 0 | AU58: =X58 -> 0 | AV58: =IF(AU58=0,"",IF(AU58=1,"S",IF(AU58=2,"C","P"))) | AW58: =M58*10+N58 -> 77 | AX58: =_xlfn.XLOOKUP(AW58,Sheet2!$Q$3:$Q$66,Sheet2!$R$3:$R$66,"**") -> CPU | AY58: =W58 -> 0 | AZ58: =IF(AU58=0,"SKPBN",IF(AU58=1,"SKPBZ",IF(AU58=2,"SKPDN","SKPDZ"))) -> SKPBN
B59: =B58+1 -> 7 | C59: =IF(MOD(C58,10)=7,C58+3,C58+1) -> 124 | D59: 177 | E59: =_xlfn.XLOOKUP(C59,Sheet2!$N$3:$N$1000,Sheet2!$O$3:$O$1000,"") | G59: =DEC2OCT((2*(OCT2DEC(I59*100)+OCT2DEC(J59*10)+K59))+INT(L59/4)) -> 0 | H59: =(MOD(L59,4)*100)+(M59*10)+N59 -> 177 | I59: =MOD(INT(D59/100000),10) -> 0 | J59: =MOD(INT(D59/10000),10) -> 0 | K59: =MOD(INT(D59/1000),10) -> 0 | L59: =MOD(INT(D59/100),10) -> 1 | M59: =MOD(INT(D59/10),10) -> 7 | N59: =MOD(D59,10) -> 7 | O59: =INT(K59/4)+(J59*2)+(I59*16) -> 0 | P59: =(I59*4)+INT(J59/2) -> 0 | Q59: =V59 -> 0 | R59: =(MOD(L59,4)*100)+(M59*10)+N59 -> 177 | S59: =(MOD(K59,2)*2)+INT(L59/4) -> 0 | T59: =MOD(INT(K59/2),2) -> 0 | U59: =INT(J59/2) -> 0 | V59: =(MOD(J59,2)*2)+INT(K59/4) -> 0 | W59: =(MOD(K59,4)*2)+INT(L59/4) -> 0 | X59: =MOD(L59,4) -> 1 | Y59: =INT(M59/2) -> 3 | Z59: =MOD(M59,2) -> 1 | AA59: =N59 -> 7 | AB59: =IF(S59=0,AC59,IF(S59=1,IF(AD59="********",AF59,AD59),AF59&","&TEXT(S59,"0"))) -> C36 | AC59: =_xlfn.XLOOKUP(R59,Sheet2!$H$3:$H$258,Sheet2!$I$3:$I$258,"-----") -> C36 | AD59: =_xlfn.XLOOKUP(VALUE(AE59),Sheet2!$N$3:$N$1000,Sheet2!$O$3:$O$1000,"********") -> ******** | AE59: =IF(VALUE(AF59)<0,DEC2OCT(OCT2DEC(VALUE(C59))-OCT2DEC(-VALUE(AF59))),DEC2OCT(OCT2DEC(VALUE(C59))+OCT2DEC(VALUE(AF59)))) -> 323 | AF59: =IF(R59<200,"+"&TEXT(R59,"0"),"-"&TEXT(_xlfn.XLOOKUP(R59,Sheet2!$K$3:$K$130,Sheet2!$L$3:$L$130,"-----"),"0")) -> +177 | AG59: =IF(T59=1,"@","") | AH59: =IF(Q59=0,"JMP "&AJ59, IF(Q59=1,"JSR "&AJ59,IF(Q59=2,"ISZ "&AJ59,"DSZ "&AJ59))) -> JMP C36 | AI59: =TEXT(Q59,"0")&","&AG59&AB59 -> 0,C36 | AJ59: =AG59&AB59 -> C36 | AK59: =AL59&AN59&AM59&AO59&" "&TEXT(U59,"0")&","&TEXT(V59,"0")&AP59 -> COMCL# 0,0,SBN | AL59: =IF(W59=0,"COM",IF(W59=1,"NEG",IF(W59=2,"MOV",IF(W59=3,"INC",IF(W59=4,"ADC",IF(W59=5,"SUB",IF(W59=6,"ADD","AND"))))))) -> COM | AM59: =IF(X59=0,"",IF(X59=1,"L",IF(X59=2,"R","S"))) -> L | AN59: =IF(Y59=0,"",IF(Y59=1,"Z",IF(Y59=2,"O","C"))) -> C | AO59: =IF(Z59=1,"#","") -> # | AP59: =IF(AA59=0,"",IF(AA59=1,",SKP",IF(AA59=2,",SZC",IF(AA59=3,",SNC",IF(AA59=4,",SZR",IF(AA59=5,",SNR",IF(AA59=6,",SEZ",",SBN"))))))) -> ,SBN | AQ59: =_xlfn.XLOOKUP(D59,Sheet2!$E$3:$E$101,Sheet2!$F$3:$F$101,"******************") -> ****************** | AR59: =IF(AY59=0,"NIO"&AV59&" "&AX59,IF(AY59=7,AZ59&" "&AX59,AS59&" "&TEXT(AT59,"0")&","&AX59)) -> NIOS CPU | AS59: =IF(AY59=1,"DIA"&AV59,IF(AY59=2,"DOA"&AV59,IF(AY59=3,"DIB"&AV59,IF(AY59=4,"DOB"&AV59,IF(AY59=5,"DIC"&AV59,"DOC"&AV59))))) -> DOCS | AT59: =V59 -> 0 | AU59: =X59 -> 1 | AV59: =IF(AU59=0,"",IF(AU59=1,"S",IF(AU59=2,"C","P"))) -> S | AW59: =M59*10+N59 -> 77 | AX59: =_xlfn.XLOOKUP(AW59,Sheet2!$Q$3:$Q$66,Sheet2!$R$3:$R$66,"**") -> CPU | AY59: =W59 -> 0 | AZ59: =IF(AU59=0,"SKPBN",IF(AU59=1,"SKPBZ",IF(AU59=2,"SKPDN","SKPDZ"))) -> SKPBZ
B60: =B59+1 -> 8 | C60: =IF(MOD(C59,10)=7,C59+3,C59+1) -> 125 | D60: 377 | E60: =_xlfn.XLOOKUP(C60,Sheet2!$N$3:$N$1000,Sheet2!$O$3:$O$1000,"") | G60: =DEC2OCT((2*(OCT2DEC(I60*100)+OCT2DEC(J60*10)+K60))+INT(L60/4)) -> 0 | H60: =(MOD(L60,4)*100)+(M60*10)+N60 -> 377 | I60: =MOD(INT(D60/100000),10) -> 0 | J60: =MOD(INT(D60/10000),10) -> 0 | K60: =MOD(INT(D60/1000),10) -> 0 | L60: =MOD(INT(D60/100),10) -> 3 | M60: =MOD(INT(D60/10),10) -> 7 | N60: =MOD(D60,10) -> 7 | O60: =INT(K60/4)+(J60*2)+(I60*16) -> 0 | P60: =(I60*4)+INT(J60/2) -> 0 | Q60: =V60 -> 0 | R60: =(MOD(L60,4)*100)+(M60*10)+N60 -> 377 | S60: =(MOD(K60,2)*2)+INT(L60/4) -> 0 | T60: =MOD(INT(K60/2),2) -> 0 | U60: =INT(J60/2) -> 0 | V60: =(MOD(J60,2)*2)+INT(K60/4) -> 0 | W60: =(MOD(K60,4)*2)+INT(L60/4) -> 0 | X60: =MOD(L60,4) -> 3 | Y60: =INT(M60/2) -> 3 | Z60: =MOD(M60,2) -> 1 | AA60: =N60 -> 7 | AB60: =IF(S60=0,AC60,IF(S60=1,IF(AD60="********",AF60,AD60),AF60&","&TEXT(S60,"0"))) -> ***** | AC60: =_xlfn.XLOOKUP(R60,Sheet2!$H$3:$H$258,Sheet2!$I$3:$I$258,"-----") -> ***** | AD60: =_xlfn.XLOOKUP(VALUE(AE60),Sheet2!$N$3:$N$1000,Sheet2!$O$3:$O$1000,"********") -> ******** | AE60: =IF(VALUE(AF60)<0,DEC2OCT(OCT2DEC(VALUE(C60))-OCT2DEC(-VALUE(AF60))),DEC2OCT(OCT2DEC(VALUE(C60))+OCT2DEC(VALUE(AF60)))) -> 124 | AF60: =IF(R60<200,"+"&TEXT(R60,"0"),"-"&TEXT(_xlfn.XLOOKUP(R60,Sheet2!$K$3:$K$130,Sheet2!$L$3:$L$130,"-----"),"0")) -> -1 | AG60: =IF(T60=1,"@","") | AH60: =IF(Q60=0,"JMP "&AJ60, IF(Q60=1,"JSR "&AJ60,IF(Q60=2,"ISZ "&AJ60,"DSZ "&AJ60))) -> JMP ***** | AI60: =TEXT(Q60,"0")&","&AG60&AB60 -> 0,***** | AJ60: =AG60&AB60 -> ***** | AK60: =AL60&AN60&AM60&AO60&" "&TEXT(U60,"0")&","&TEXT(V60,"0")&AP60 -> COMCS# 0,0,SBN | AL60: =IF(W60=0,"COM",IF(W60=1,"NEG",IF(W60=2,"MOV",IF(W60=3,"INC",IF(W60=4,"ADC",IF(W60=5,"SUB",IF(W60=6,"ADD","AND"))))))) -> COM | AM60: =IF(X60=0,"",IF(X60=1,"L",IF(X60=2,"R","S"))) -> S | AN60: =IF(Y60=0,"",IF(Y60=1,"Z",IF(Y60=2,"O","C"))) -> C | AO60: =IF(Z60=1,"#","") -> # | AP60: =IF(AA60=0,"",IF(AA60=1,",SKP",IF(AA60=2,",SZC",IF(AA60=3,",SNC",IF(AA60=4,",SZR",IF(AA60=5,",SNR",IF(AA60=6,",SEZ",",SBN"))))))) -> ,SBN | AQ60: =_xlfn.XLOOKUP(D60,Sheet2!$E$3:$E$101,Sheet2!$F$3:$F$101,"******************") -> ****************** | AR60: =IF(AY60=0,"NIO"&AV60&" "&AX60,IF(AY60=7,AZ60&" "&AX60,AS60&" "&TEXT(AT60,"0")&","&AX60)) -> NIOP CPU | AS60: =IF(AY60=1,"DIA"&AV60,IF(AY60=2,"DOA"&AV60,IF(AY60=3,"DIB"&AV60,IF(AY60=4,"DOB"&AV60,IF(AY60=5,"DIC"&AV60,"DOC"&AV60))))) -> DOCP | AT60: =V60 -> 0 | AU60: =X60 -> 3 | AV60: =IF(AU60=0,"",IF(AU60=1,"S",IF(AU60=2,"C","P"))) -> P | AW60: =M60*10+N60 -> 77 | AX60: =_xlfn.XLOOKUP(AW60,Sheet2!$Q$3:$Q$66,Sheet2!$R$3:$R$66,"**") -> CPU | AY60: =W60 -> 0 | AZ60: =IF(AU60=0,"SKPBN",IF(AU60=1,"SKPBZ",IF(AU60=2,"SKPDN","SKPDZ"))) -> SKPDZ
B61: =B60+1 -> 9 | C61: =IF(MOD(C60,10)=7,C60+3,C60+1) -> 126 | D61: 777 | E61: =_xlfn.XLOOKUP(C61,Sheet2!$N$3:$N$1000,Sheet2!$O$3:$O$1000,"") | G61: =DEC2OCT((2*(OCT2DEC(I61*100)+OCT2DEC(J61*10)+K61))+INT(L61/4)) -> 1 | H61: =(MOD(L61,4)*100)+(M61*10)+N61 -> 377 | I61: =MOD(INT(D61/100000),10) -> 0 | J61: =MOD(INT(D61/10000),10) -> 0 | K61: =MOD(INT(D61/1000),10) -> 0 | L61: =MOD(INT(D61/100),10) -> 7 | M61: =MOD(INT(D61/10),10) -> 7 | N61: =MOD(D61,10) -> 7 | O61: =INT(K61/4)+(J61*2)+(I61*16) -> 0 | P61: =(I61*4)+INT(J61/2) -> 0 | Q61: =V61 -> 0 | R61: =(MOD(L61,4)*100)+(M61*10)+N61 -> 377 | S61: =(MOD(K61,2)*2)+INT(L61/4) -> 1 | T61: =MOD(INT(K61/2),2) -> 0 | U61: =INT(J61/2) -> 0 | V61: =(MOD(J61,2)*2)+INT(K61/4) -> 0 | W61: =(MOD(K61,4)*2)+INT(L61/4) -> 1 | X61: =MOD(L61,4) -> 3 | Y61: =INT(M61/2) -> 3 | Z61: =MOD(M61,2) -> 1 | AA61: =N61 -> 7 | AB61: =IF(S61=0,AC61,IF(S61=1,IF(AD61="********",AF61,AD61),AF61&","&TEXT(S61,"0"))) -> -1 | AC61: =_xlfn.XLOOKUP(R61,Sheet2!$H$3:$H$258,Sheet2!$I$3:$I$258,"-----") -> ***** | AD61: =_xlfn.XLOOKUP(VALUE(AE61),Sheet2!$N$3:$N$1000,Sheet2!$O$3:$O$1000,"********") -> ******** | AE61: =IF(VALUE(AF61)<0,DEC2OCT(OCT2DEC(VALUE(C61))-OCT2DEC(-VALUE(AF61))),DEC2OCT(OCT2DEC(VALUE(C61))+OCT2DEC(VALUE(AF61)))) -> 125 | AF61: =IF(R61<200,"+"&TEXT(R61,"0"),"-"&TEXT(_xlfn.XLOOKUP(R61,Sheet2!$K$3:$K$130,Sheet2!$L$3:$L$130,"-----"),"0")) -> -1 | AG61: =IF(T61=1,"@","") | AH61: =IF(Q61=0,"JMP "&AJ61, IF(Q61=1,"JSR "&AJ61,IF(Q61=2,"ISZ "&AJ61,"DSZ "&AJ61))) -> JMP -1 | AI61: =TEXT(Q61,"0")&","&AG61&AB61 -> 0,-1 | AJ61: =AG61&AB61 -> -1 | AK61: =AL61&AN61&AM61&AO61&" "&TEXT(U61,"0")&","&TEXT(V61,"0")&AP61 -> NEGCS# 0,0,SBN | AL61: =IF(W61=0,"COM",IF(W61=1,"NEG",IF(W61=2,"MOV",IF(W61=3,"INC",IF(W61=4,"ADC",IF(W61=5,"SUB",IF(W61=6,"ADD","AND"))))))) -> NEG | AM61: =IF(X61=0,"",IF(X61=1,"L",IF(X61=2,"R","S"))) -> S | AN61: =IF(Y61=0,"",IF(Y61=1,"Z",IF(Y61=2,"O","C"))) -> C | AO61: =IF(Z61=1,"#","") -> # | AP61: =IF(AA61=0,"",IF(AA61=1,",SKP",IF(AA61=2,",SZC",IF(AA61=3,",SNC",IF(AA61=4,",SZR",IF(AA61=5,",SNR",IF(AA61=6,",SEZ",",SBN"))))))) -> ,SBN | AQ61: =_xlfn.XLOOKUP(D61,Sheet2!$E$3:$E$101,Sheet2!$F$3:$F$101,"******************") -> ****************** | AR61: =IF(AY61=0,"NIO"&AV61&" "&AX61,IF(AY61=7,AZ61&" "&AX61,AS61&" "&TEXT(AT61,"0")&","&AX61)) -> DIAP 0,CPU | AS61: =IF(AY61=1,"DIA"&AV61,IF(AY61=2,"DOA"&AV61,IF(AY61=3,"DIB"&AV61,IF(AY61=4,"DOB"&AV61,IF(AY61=5,"DIC"&AV61,"DOC"&AV61))))) -> DIAP | AT61: =V61 -> 0 | AU61: =X61 -> 3 | AV61: =IF(AU61=0,"",IF(AU61=1,"S",IF(AU61=2,"C","P"))) -> P | AW61: =M61*10+N61 -> 77 | AX61: =_xlfn.XLOOKUP(AW61,Sheet2!$Q$3:$Q$66,Sheet2!$R$3:$R$66,"**") -> CPU | AY61: =W61 -> 1 | AZ61: =IF(AU61=0,"SKPBN",IF(AU61=1,"SKPBZ",IF(AU61=2,"SKPDN","SKPDZ"))) -> SKPDZ
B62: =B61+1 -> 10 | C62: =IF(MOD(C61,10)=7,C61+3,C61+1) -> 127 | D62: 1777 | E62: =_xlfn.XLOOKUP(C62,Sheet2!$N$3:$N$1000,Sheet2!$O$3:$O$1000,"") | G62: =DEC2OCT((2*(OCT2DEC(I62*100)+OCT2DEC(J62*10)+K62))+INT(L62/4)) -> 3 | H62: =(MOD(L62,4)*100)+(M62*10)+N62 -> 377 | I62: =MOD(INT(D62/100000),10) -> 0 | J62: =MOD(INT(D62/10000),10) -> 0 | K62: =MOD(INT(D62/1000),10) -> 1 | L62: =MOD(INT(D62/100),10) -> 7 | M62: =MOD(INT(D62/10),10) -> 7 | N62: =MOD(D62,10) -> 7 | O62: =INT(K62/4)+(J62*2)+(I62*16) -> 0 | P62: =(I62*4)+INT(J62/2) -> 0 | Q62: =V62 -> 0 | R62: =(MOD(L62,4)*100)+(M62*10)+N62 -> 377 | S62: =(MOD(K62,2)*2)+INT(L62/4) -> 3 | T62: =MOD(INT(K62/2),2) -> 0 | U62: =INT(J62/2) -> 0 | V62: =(MOD(J62,2)*2)+INT(K62/4) -> 0 | W62: =(MOD(K62,4)*2)+INT(L62/4) -> 3 | X62: =MOD(L62,4) -> 3 | Y62: =INT(M62/2) -> 3 | Z62: =MOD(M62,2) -> 1 | AA62: =N62 -> 7 | AB62: =IF(S62=0,AC62,IF(S62=1,IF(AD62="********",AF62,AD62),AF62&","&TEXT(S62,"0"))) -> -1,3 | AC62: =_xlfn.XLOOKUP(R62,Sheet2!$H$3:$H$258,Sheet2!$I$3:$I$258,"-----") -> ***** | AD62: =_xlfn.XLOOKUP(VALUE(AE62),Sheet2!$N$3:$N$1000,Sheet2!$O$3:$O$1000,"********") -> ******** | AE62: =IF(VALUE(AF62)<0,DEC2OCT(OCT2DEC(VALUE(C62))-OCT2DEC(-VALUE(AF62))),DEC2OCT(OCT2DEC(VALUE(C62))+OCT2DEC(VALUE(AF62)))) -> 126 | AF62: =IF(R62<200,"+"&TEXT(R62,"0"),"-"&TEXT(_xlfn.XLOOKUP(R62,Sheet2!$K$3:$K$130,Sheet2!$L$3:$L$130,"-----"),"0")) -> -1 | AG62: =IF(T62=1,"@","") | AH62: =IF(Q62=0,"JMP "&AJ62, IF(Q62=1,"JSR "&AJ62,IF(Q62=2,"ISZ "&AJ62,"DSZ "&AJ62))) -> JMP -1,3 | AI62: =TEXT(Q62,"0")&","&AG62&AB62 -> 0,-1,3 | AJ62: =AG62&AB62 -> -1,3 | AK62: =AL62&AN62&AM62&AO62&" "&TEXT(U62,"0")&","&TEXT(V62,"0")&AP62 -> INCCS# 0,0,SBN | AL62: =IF(W62=0,"COM",IF(W62=1,"NEG",IF(W62=2,"MOV",IF(W62=3,"INC",IF(W62=4,"ADC",IF(W62=5,"SUB",IF(W62=6,"ADD","AND"))))))) -> INC | AM62: =IF(X62=0,"",IF(X62=1,"L",IF(X62=2,"R","S"))) -> S | AN62: =IF(Y62=0,"",IF(Y62=1,"Z",IF(Y62=2,"O","C"))) -> C | AO62: =IF(Z62=1,"#","") -> # | AP62: =IF(AA62=0,"",IF(AA62=1,",SKP",IF(AA62=2,",SZC",IF(AA62=3,",SNC",IF(AA62=4,",SZR",IF(AA62=5,",SNR",IF(AA62=6,",SEZ",",SBN"))))))) -> ,SBN | AQ62: =_xlfn.XLOOKUP(D62,Sheet2!$E$3:$E$101,Sheet2!$F$3:$F$101,"******************") -> ****************** | AR62: =IF(AY62=0,"NIO"&AV62&" "&AX62,IF(AY62=7,AZ62&" "&AX62,AS62&" "&TEXT(AT62,"0")&","&AX62)) -> DIBP 0,CPU | AS62: =IF(AY62=1,"DIA"&AV62,IF(AY62=2,"DOA"&AV62,IF(AY62=3,"DIB"&AV62,IF(AY62=4,"DOB"&AV62,IF(AY62=5,"DIC"&AV62,"DOC"&AV62))))) -> DIBP | AT62: =V62 -> 0 | AU62: =X62 -> 3 | AV62: =IF(AU62=0,"",IF(AU62=1,"S",IF(AU62=2,"C","P"))) -> P | AW62: =M62*10+N62 -> 77 | AX62: =_xlfn.XLOOKUP(AW62,Sheet2!$Q$3:$Q$66,Sheet2!$R$3:$R$66,"**") -> CPU | AY62: =W62 -> 3 | AZ62: =IF(AU62=0,"SKPBN",IF(AU62=1,"SKPBZ",IF(AU62=2,"SKPDN","SKPDZ"))) -> SKPDZ
B63: =B62+1 -> 11 | C63: =IF(MOD(C62,10)=7,C62+3,C62+1) -> 130 | D63: 3777 | E63: =_xlfn.XLOOKUP(C63,Sheet2!$N$3:$N$1000,Sheet2!$O$3:$O$1000,"") | G63: =DEC2OCT((2*(OCT2DEC(I63*100)+OCT2DEC(J63*10)+K63))+INT(L63/4)) -> 7 | H63: =(MOD(L63,4)*100)+(M63*10)+N63 -> 377 | I63: =MOD(INT(D63/100000),10) -> 0 | J63: =MOD(INT(D63/10000),10) -> 0 | K63: =MOD(INT(D63/1000),10) -> 3 | L63: =MOD(INT(D63/100),10) -> 7 | M63: =MOD(INT(D63/10),10) -> 7 | N63: =MOD(D63,10) -> 7 | O63: =INT(K63/4)+(J63*2)+(I63*16) -> 0 | P63: =(I63*4)+INT(J63/2) -> 0 | Q63: =V63 -> 0 | R63: =(MOD(L63,4)*100)+(M63*10)+N63 -> 377 | S63: =(MOD(K63,2)*2)+INT(L63/4) -> 3 | T63: =MOD(INT(K63/2),2) -> 1 | U63: =INT(J63/2) -> 0 | V63: =(MOD(J63,2)*2)+INT(K63/4) -> 0 | W63: =(MOD(K63,4)*2)+INT(L63/4) -> 7 | X63: =MOD(L63,4) -> 3 | Y63: =INT(M63/2) -> 3 | Z63: =MOD(M63,2) -> 1 | AA63: =N63 -> 7 | AB63: =IF(S63=0,AC63,IF(S63=1,IF(AD63="********",AF63,AD63),AF63&","&TEXT(S63,"0"))) -> -1,3 | AC63: =_xlfn.XLOOKUP(R63,Sheet2!$H$3:$H$258,Sheet2!$I$3:$I$258,"-----") -> ***** | AD63: =_xlfn.XLOOKUP(VALUE(AE63),Sheet2!$N$3:$N$1000,Sheet2!$O$3:$O$1000,"********") -> ******** | AE63: =IF(VALUE(AF63)<0,DEC2OCT(OCT2DEC(VALUE(C63))-OCT2DEC(-VALUE(AF63))),DEC2OCT(OCT2DEC(VALUE(C63))+OCT2DEC(VALUE(AF63)))) -> 127 | AF63: =IF(R63<200,"+"&TEXT(R63,"0"),"-"&TEXT(_xlfn.XLOOKUP(R63,Sheet2!$K$3:$K$130,Sheet2!$L$3:$L$130,"-----"),"0")) -> -1 | AG63: =IF(T63=1,"@","") -> @ | AH63: =IF(Q63=0,"JMP "&AJ63, IF(Q63=1,"JSR "&AJ63,IF(Q63=2,"ISZ "&AJ63,"DSZ "&AJ63))) -> JMP @-1,3 | AI63: =TEXT(Q63,"0")&","&AG63&AB63 -> 0,@-1,3 | AJ63: =AG63&AB63 -> @-1,3 | AK63: =AL63&AN63&AM63&AO63&" "&TEXT(U63,"0")&","&TEXT(V63,"0")&AP63 -> ANDCS# 0,0,SBN | AL63: =IF(W63=0,"COM",IF(W63=1,"NEG",IF(W63=2,"MOV",IF(W63=3,"INC",IF(W63=4,"ADC",IF(W63=5,"SUB",IF(W63=6,"ADD","AND"))))))) -> AND | AM63: =IF(X63=0,"",IF(X63=1,"L",IF(X63=2,"R","S"))) -> S | AN63: =IF(Y63=0,"",IF(Y63=1,"Z",IF(Y63=2,"O","C"))) -> C | AO63: =IF(Z63=1,"#","") -> # | AP63: =IF(AA63=0,"",IF(AA63=1,",SKP",IF(AA63=2,",SZC",IF(AA63=3,",SNC",IF(AA63=4,",SZR",IF(AA63=5,",SNR",IF(AA63=6,",SEZ",",SBN"))))))) -> ,SBN | AQ63: =_xlfn.XLOOKUP(D63,Sheet2!$E$3:$E$101,Sheet2!$F$3:$F$101,"******************") -> ****************** | AR63: =IF(AY63=0,"NIO"&AV63&" "&AX63,IF(AY63=7,AZ63&" "&AX63,AS63&" "&TEXT(AT63,"0")&","&AX63)) -> SKPDZ CPU | AS63: =IF(AY63=1,"DIA"&AV63,IF(AY63=2,"DOA"&AV63,IF(AY63=3,"DIB"&AV63,IF(AY63=4,"DOB"&AV63,IF(AY63=5,"DIC"&AV63,"DOC"&AV63))))) -> DOCP | AT63: =V63 -> 0 | AU63: =X63 -> 3 | AV63: =IF(AU63=0,"",IF(AU63=1,"S",IF(AU63=2,"C","P"))) -> P | AW63: =M63*10+N63 -> 77 | AX63: =_xlfn.XLOOKUP(AW63,Sheet2!$Q$3:$Q$66,Sheet2!$R$3:$R$66,"**") -> CPU | AY63: =W63 -> 7 | AZ63: =IF(AU63=0,"SKPBN",IF(AU63=1,"SKPBZ",IF(AU63=2,"SKPDN","SKPDZ"))) -> SKPDZ
B64: =B63+1 -> 12 | C64: =IF(MOD(C63,10)=7,C63+3,C63+1) -> 131 | D64: 7777 | E64: =_xlfn.XLOOKUP(C64,Sheet2!$N$3:$N$1000,Sheet2!$O$3:$O$1000,"") | G64: =DEC2OCT((2*(OCT2DEC(I64*100)+OCT2DEC(J64*10)+K64))+INT(L64/4)) -> 17 | H64: =(MOD(L64,4)*100)+(M64*10)+N64 -> 377 | I64: =MOD(INT(D64/100000),10) -> 0 | J64: =MOD(INT(D64/10000),10) -> 0 | K64: =MOD(INT(D64/1000),10) -> 7 | L64: =MOD(INT(D64/100),10) -> 7 | M64: =MOD(INT(D64/10),10) -> 7 | N64: =MOD(D64,10) -> 7 | O64: =INT(K64/4)+(J64*2)+(I64*16) -> 1 | P64: =(I64*4)+INT(J64/2) -> 0 | Q64: =V64 -> 1 | R64: =(MOD(L64,4)*100)+(M64*10)+N64 -> 377 | S64: =(MOD(K64,2)*2)+INT(L64/4) -> 3 | T64: =MOD(INT(K64/2),2) -> 1 | U64: =INT(J64/2) -> 0 | V64: =(MOD(J64,2)*2)+INT(K64/4) -> 1 | W64: =(MOD(K64,4)*2)+INT(L64/4) -> 7 | X64: =MOD(L64,4) -> 3 | Y64: =INT(M64/2) -> 3 | Z64: =MOD(M64,2) -> 1 | AA64: =N64 -> 7 | AB64: =IF(S64=0,AC64,IF(S64=1,IF(AD64="********",AF64,AD64),AF64&","&TEXT(S64,"0"))) -> -1,3 | AC64: =_xlfn.XLOOKUP(R64,Sheet2!$H$3:$H$258,Sheet2!$I$3:$I$258,"-----") -> ***** | AD64: =_xlfn.XLOOKUP(VALUE(AE64),Sheet2!$N$3:$N$1000,Sheet2!$O$3:$O$1000,"********") -> ******** | AE64: =IF(VALUE(AF64)<0,DEC2OCT(OCT2DEC(VALUE(C64))-OCT2DEC(-VALUE(AF64))),DEC2OCT(OCT2DEC(VALUE(C64))+OCT2DEC(VALUE(AF64)))) -> 130 | AF64: =IF(R64<200,"+"&TEXT(R64,"0"),"-"&TEXT(_xlfn.XLOOKUP(R64,Sheet2!$K$3:$K$130,Sheet2!$L$3:$L$130,"-----"),"0")) -> -1 | AG64: =IF(T64=1,"@","") -> @ | AH64: =IF(Q64=0,"JMP "&AJ64, IF(Q64=1,"JSR "&AJ64,IF(Q64=2,"ISZ "&AJ64,"DSZ "&AJ64))) -> JSR @-1,3 | AI64: =TEXT(Q64,"0")&","&AG64&AB64 -> 1,@-1,3 | AJ64: =AG64&AB64 -> @-1,3 | AK64: =AL64&AN64&AM64&AO64&" "&TEXT(U64,"0")&","&TEXT(V64,"0")&AP64 -> ANDCS# 0,1,SBN | AL64: =IF(W64=0,"COM",IF(W64=1,"NEG",IF(W64=2,"MOV",IF(W64=3,"INC",IF(W64=4,"ADC",IF(W64=5,"SUB",IF(W64=6,"ADD","AND"))))))) -> AND | AM64: =IF(X64=0,"",IF(X64=1,"L",IF(X64=2,"R","S"))) -> S | AN64: =IF(Y64=0,"",IF(Y64=1,"Z",IF(Y64=2,"O","C"))) -> C | AO64: =IF(Z64=1,"#","") -> # | AP64: =IF(AA64=0,"",IF(AA64=1,",SKP",IF(AA64=2,",SZC",IF(AA64=3,",SNC",IF(AA64=4,",SZR",IF(AA64=5,",SNR",IF(AA64=6,",SEZ",",SBN"))))))) -> ,SBN | AQ64: =_xlfn.XLOOKUP(D64,Sheet2!$E$3:$E$101,Sheet2!$F$3:$F$101,"******************") -> ****************** | AR64: =IF(AY64=0,"NIO"&AV64&" "&AX64,IF(AY64=7,AZ64&" "&AX64,AS64&" "&TEXT(AT64,"0")&","&AX64)) -> SKPDZ CPU | AS64: =IF(AY64=1,"DIA"&AV64,IF(AY64=2,"DOA"&AV64,IF(AY64=3,"DIB"&AV64,IF(AY64=4,"DOB"&AV64,IF(AY64=5,"DIC"&AV64,"DOC"&AV64))))) -> DOCP | AT64: =V64 -> 1 | AU64: =X64 -> 3 | AV64: =IF(AU64=0,"",IF(AU64=1,"S",IF(AU64=2,"C","P"))) -> P | AW64: =M64*10+N64 -> 77 | AX64: =_xlfn.XLOOKUP(AW64,Sheet2!$Q$3:$Q$66,Sheet2!$R$3:$R$66,"**") -> CPU | AY64: =W64 -> 7 | AZ64: =IF(AU64=0,"SKPBN",IF(AU64=1,"SKPBZ",IF(AU64=2,"SKPDN","SKPDZ"))) -> SKPDZ
B65: =B64+1 -> 13 | C65: =IF(MOD(C64,10)=7,C64+3,C64+1) -> 132 | D65: 17777 | E65: =_xlfn.XLOOKUP(C65,Sheet2!$N$3:$N$1000,Sheet2!$O$3:$O$1000,"") | G65: =DEC2OCT((2*(OCT2DEC(I65*100)+OCT2DEC(J65*10)+K65))+INT(L65/4)) -> 37 | H65: =(MOD(L65,4)*100)+(M65*10)+N65 -> 377 | I65: =MOD(INT(D65/100000),10) -> 0 | J65: =MOD(INT(D65/10000),10) -> 1 | K65: =MOD(INT(D65/1000),10) -> 7 | L65: =MOD(INT(D65/100),10) -> 7 | M65: =MOD(INT(D65/10),10) -> 7 | N65: =MOD(D65,10) -> 7 | O65: =INT(K65/4)+(J65*2)+(I65*16) -> 3 | P65: =(I65*4)+INT(J65/2) -> 0 | Q65: =V65 -> 3 | R65: =(MOD(L65,4)*100)+(M65*10)+N65 -> 377 | S65: =(MOD(K65,2)*2)+INT(L65/4) -> 3 | T65: =MOD(INT(K65/2),2) -> 1 | U65: =INT(J65/2) -> 0 | V65: =(MOD(J65,2)*2)+INT(K65/4) -> 3 | W65: =(MOD(K65,4)*2)+INT(L65/4) -> 7 | X65: =MOD(L65,4) -> 3 | Y65: =INT(M65/2) -> 3 | Z65: =MOD(M65,2) -> 1 | AA65: =N65 -> 7 | AB65: =IF(S65=0,AC65,IF(S65=1,IF(AD65="********",AF65,AD65),AF65&","&TEXT(S65,"0"))) -> -1,3 | AC65: =_xlfn.XLOOKUP(R65,Sheet2!$H$3:$H$258,Sheet2!$I$3:$I$258,"-----") -> ***** | AD65: =_xlfn.XLOOKUP(VALUE(AE65),Sheet2!$N$3:$N$1000,Sheet2!$O$3:$O$1000,"********") -> ******** | AE65: =IF(VALUE(AF65)<0,DEC2OCT(OCT2DEC(VALUE(C65))-OCT2DEC(-VALUE(AF65))),DEC2OCT(OCT2DEC(VALUE(C65))+OCT2DEC(VALUE(AF65)))) -> 131 | AF65: =IF(R65<200,"+"&TEXT(R65,"0"),"-"&TEXT(_xlfn.XLOOKUP(R65,Sheet2!$K$3:$K$130,Sheet2!$L$3:$L$130,"-----"),"0")) -> -1 | AG65: =IF(T65=1,"@","") -> @ | AH65: =IF(Q65=0,"JMP "&AJ65, IF(Q65=1,"JSR "&AJ65,IF(Q65=2,"ISZ "&AJ65,"DSZ "&AJ65))) -> DSZ @-1,3 | AI65: =TEXT(Q65,"0")&","&AG65&AB65 -> 3,@-1,3 | AJ65: =AG65&AB65 -> @-1,3 | AK65: =AL65&AN65&AM65&AO65&" "&TEXT(U65,"0")&","&TEXT(V65,"0")&AP65 -> ANDCS# 0,3,SBN | AL65: =IF(W65=0,"COM",IF(W65=1,"NEG",IF(W65=2,"MOV",IF(W65=3,"INC",IF(W65=4,"ADC",IF(W65=5,"SUB",IF(W65=6,"ADD","AND"))))))) -> AND | AM65: =IF(X65=0,"",IF(X65=1,"L",IF(X65=2,"R","S"))) -> S | AN65: =IF(Y65=0,"",IF(Y65=1,"Z",IF(Y65=2,"O","C"))) -> C | AO65: =IF(Z65=1,"#","") -> # | AP65: =IF(AA65=0,"",IF(AA65=1,",SKP",IF(AA65=2,",SZC",IF(AA65=3,",SNC",IF(AA65=4,",SZR",IF(AA65=5,",SNR",IF(AA65=6,",SEZ",",SBN"))))))) -> ,SBN | AQ65: =_xlfn.XLOOKUP(D65,Sheet2!$E$3:$E$101,Sheet2!$F$3:$F$101,"******************") -> ****************** | AR65: =IF(AY65=0,"NIO"&AV65&" "&AX65,IF(AY65=7,AZ65&" "&AX65,AS65&" "&TEXT(AT65,"0")&","&AX65)) -> SKPDZ CPU | AS65: =IF(AY65=1,"DIA"&AV65,IF(AY65=2,"DOA"&AV65,IF(AY65=3,"DIB"&AV65,IF(AY65=4,"DOB"&AV65,IF(AY65=5,"DIC"&AV65,"DOC"&AV65))))) -> DOCP | AT65: =V65 -> 3 | AU65: =X65 -> 3 | AV65: =IF(AU65=0,"",IF(AU65=1,"S",IF(AU65=2,"C","P"))) -> P | AW65: =M65*10+N65 -> 77 | AX65: =_xlfn.XLOOKUP(AW65,Sheet2!$Q$3:$Q$66,Sheet2!$R$3:$R$66,"**") -> CPU | AY65: =W65 -> 7 | AZ65: =IF(AU65=0,"SKPBN",IF(AU65=1,"SKPBZ",IF(AU65=2,"SKPDN","SKPDZ"))) -> SKPDZ
B66: =B65+1 -> 14 | C66: =IF(MOD(C65,10)=7,C65+3,C65+1) -> 133 | D66: 37777 | E66: =_xlfn.XLOOKUP(C66,Sheet2!$N$3:$N$1000,Sheet2!$O$3:$O$1000,"") | G66: =DEC2OCT((2*(OCT2DEC(I66*100)+OCT2DEC(J66*10)+K66))+INT(L66/4)) -> 77 | H66: =(MOD(L66,4)*100)+(M66*10)+N66 -> 377 | I66: =MOD(INT(D66/100000),10) -> 0 | J66: =MOD(INT(D66/10000),10) -> 3 | K66: =MOD(INT(D66/1000),10) -> 7 | L66: =MOD(INT(D66/100),10) -> 7 | M66: =MOD(INT(D66/10),10) -> 7 | N66: =MOD(D66,10) -> 7 | O66: =INT(K66/4)+(J66*2)+(I66*16) -> 7 | P66: =(I66*4)+INT(J66/2) -> 1 | Q66: =V66 -> 3 | R66: =(MOD(L66,4)*100)+(M66*10)+N66 -> 377 | S66: =(MOD(K66,2)*2)+INT(L66/4) -> 3 | T66: =MOD(INT(K66/2),2) -> 1 | U66: =INT(J66/2) -> 1 | V66: =(MOD(J66,2)*2)+INT(K66/4) -> 3 | W66: =(MOD(K66,4)*2)+INT(L66/4) -> 7 | X66: =MOD(L66,4) -> 3 | Y66: =INT(M66/2) -> 3 | Z66: =MOD(M66,2) -> 1 | AA66: =N66 -> 7 | AB66: =IF(S66=0,AC66,IF(S66=1,IF(AD66="********",AF66,AD66),AF66&","&TEXT(S66,"0"))) -> -1,3 | AC66: =_xlfn.XLOOKUP(R66,Sheet2!$H$3:$H$258,Sheet2!$I$3:$I$258,"-----") -> ***** | AD66: =_xlfn.XLOOKUP(VALUE(AE66),Sheet2!$N$3:$N$1000,Sheet2!$O$3:$O$1000,"********") -> ******** | AE66: =IF(VALUE(AF66)<0,DEC2OCT(OCT2DEC(VALUE(C66))-OCT2DEC(-VALUE(AF66))),DEC2OCT(OCT2DEC(VALUE(C66))+OCT2DEC(VALUE(AF66)))) -> 132 | AF66: =IF(R66<200,"+"&TEXT(R66,"0"),"-"&TEXT(_xlfn.XLOOKUP(R66,Sheet2!$K$3:$K$130,Sheet2!$L$3:$L$130,"-----"),"0")) -> -1 | AG66: =IF(T66=1,"@","") -> @ | AH66: =IF(Q66=0,"JMP "&AJ66, IF(Q66=1,"JSR "&AJ66,IF(Q66=2,"ISZ "&AJ66,"DSZ "&AJ66))) -> DSZ @-1,3 | AI66: =TEXT(Q66,"0")&","&AG66&AB66 -> 3,@-1,3 | AJ66: =AG66&AB66 -> @-1,3 | AK66: =AL66&AN66&AM66&AO66&" "&TEXT(U66,"0")&","&TEXT(V66,"0")&AP66 -> ANDCS# 1,3,SBN | AL66: =IF(W66=0,"COM",IF(W66=1,"NEG",IF(W66=2,"MOV",IF(W66=3,"INC",IF(W66=4,"ADC",IF(W66=5,"SUB",IF(W66=6,"ADD","AND"))))))) -> AND | AM66: =IF(X66=0,"",IF(X66=1,"L",IF(X66=2,"R","S"))) -> S | AN66: =IF(Y66=0,"",IF(Y66=1,"Z",IF(Y66=2,"O","C"))) -> C | AO66: =IF(Z66=1,"#","") -> # | AP66: =IF(AA66=0,"",IF(AA66=1,",SKP",IF(AA66=2,",SZC",IF(AA66=3,",SNC",IF(AA66=4,",SZR",IF(AA66=5,",SNR",IF(AA66=6,",SEZ",",SBN"))))))) -> ,SBN | AQ66: =_xlfn.XLOOKUP(D66,Sheet2!$E$3:$E$101,Sheet2!$F$3:$F$101,"******************") -> ****************** | AR66: =IF(AY66=0,"NIO"&AV66&" "&AX66,IF(AY66=7,AZ66&" "&AX66,AS66&" "&TEXT(AT66,"0")&","&AX66)) -> SKPDZ CPU | AS66: =IF(AY66=1,"DIA"&AV66,IF(AY66=2,"DOA"&AV66,IF(AY66=3,"DIB"&AV66,IF(AY66=4,"DOB"&AV66,IF(AY66=5,"DIC"&AV66,"DOC"&AV66))))) -> DOCP | AT66: =V66 -> 3 | AU66: =X66 -> 3 | AV66: =IF(AU66=0,"",IF(AU66=1,"S",IF(AU66=2,"C","P"))) -> P | AW66: =M66*10+N66 -> 77 | AX66: =_xlfn.XLOOKUP(AW66,Sheet2!$Q$3:$Q$66,Sheet2!$R$3:$R$66,"**") -> CPU | AY66: =W66 -> 7 | AZ66: =IF(AU66=0,"SKPBN",IF(AU66=1,"SKPBZ",IF(AU66=2,"SKPDN","SKPDZ"))) -> SKPDZ
B67: 16 | C67: =IF(MOD(C66,10)=7,C66+3,C66+1) -> 134 | D67: 10421 | E67: =_xlfn.XLOOKUP(C67,Sheet2!$N$3:$N$1000,Sheet2!$O$3:$O$1000,"") | G67: =DEC2OCT((2*(OCT2DEC(I67*100)+OCT2DEC(J67*10)+K67))+INT(L67/4)) -> 21 | H67: =(MOD(L67,4)*100)+(M67*10)+N67 -> 21 | I67: =MOD(INT(D67/100000),10) -> 0 | J67: =MOD(INT(D67/10000),10) -> 1 | K67: =MOD(INT(D67/1000),10) -> 0 | L67: =MOD(INT(D67/100),10) -> 4 | M67: =MOD(INT(D67/10),10) -> 2 | N67: =MOD(D67,10) -> 1 | O67: =INT(K67/4)+(J67*2)+(I67*16) -> 2 | P67: =(I67*4)+INT(J67/2) -> 0 | Q67: =V67 -> 2 | R67: =(MOD(L67,4)*100)+(M67*10)+N67 -> 21 | S67: =(MOD(K67,2)*2)+INT(L67/4) -> 1 | T67: =MOD(INT(K67/2),2) -> 0 | U67: =INT(J67/2) -> 0 | V67: =(MOD(J67,2)*2)+INT(K67/4) -> 2 | W67: =(MOD(K67,4)*2)+INT(L67/4) -> 1 | X67: =MOD(L67,4) -> 0 | Y67: =INT(M67/2) -> 1 | Z67: =MOD(M67,2) -> 0 | AA67: =N67 -> 1 | AB67: =IF(S67=0,AC67,IF(S67=1,IF(AD67="********",AF67,AD67),AF67&","&TEXT(S67,"0"))) -> +21 | AC67: =_xlfn.XLOOKUP(R67,Sheet2!$H$3:$H$258,Sheet2!$I$3:$I$258,"-----") -> ***** | AD67: =_xlfn.XLOOKUP(VALUE(AE67),Sheet2!$N$3:$N$1000,Sheet2!$O$3:$O$1000,"********") -> ******** | AE67: =IF(VALUE(AF67)<0,DEC2OCT(OCT2DEC(VALUE(C67))-OCT2DEC(-VALUE(AF67))),DEC2OCT(OCT2DEC(VALUE(C67))+OCT2DEC(VALUE(AF67)))) -> 155 | AF67: =IF(R67<200,"+"&TEXT(R67,"0"),"-"&TEXT(_xlfn.XLOOKUP(R67,Sheet2!$K$3:$K$130,Sheet2!$L$3:$L$130,"-----"),"0")) -> +21 | AG67: =IF(T67=1,"@","") | AH67: =IF(Q67=0,"JMP "&AJ67, IF(Q67=1,"JSR "&AJ67,IF(Q67=2,"ISZ "&AJ67,"DSZ "&AJ67))) -> ISZ +21 | AI67: =TEXT(Q67,"0")&","&AG67&AB67 -> 2,+21 | AJ67: =AG67&AB67 -> +21 | AK67: =AL67&AN67&AM67&AO67&" "&TEXT(U67,"0")&","&TEXT(V67,"0")&AP67 -> NEGZ 0,2,SKP | AL67: =IF(W67=0,"COM",IF(W67=1,"NEG",IF(W67=2,"MOV",IF(W67=3,"INC",IF(W67=4,"ADC",IF(W67=5,"SUB",IF(W67=6,"ADD","AND"))))))) -> NEG | AM67: =IF(X67=0,"",IF(X67=1,"L",IF(X67=2,"R","S"))) | AN67: =IF(Y67=0,"",IF(Y67=1,"Z",IF(Y67=2,"O","C"))) -> Z | AO67: =IF(Z67=1,"#","") | AP67: =IF(AA67=0,"",IF(AA67=1,",SKP",IF(AA67=2,",SZC",IF(AA67=3,",SNC",IF(AA67=4,",SZR",IF(AA67=5,",SNR",IF(AA67=6,",SEZ",",SBN"))))))) -> ,SKP | AQ67: =_xlfn.XLOOKUP(D67,Sheet2!$E$3:$E$101,Sheet2!$F$3:$F$101,"******************") -> ****************** | AR67: =IF(AY67=0,"NIO"&AV67&" "&AX67,IF(AY67=7,AZ67&" "&AX67,AS67&" "&TEXT(AT67,"0")&","&AX67)) -> DIA 2,ADCV | AS67: =IF(AY67=1,"DIA"&AV67,IF(AY67=2,"DOA"&AV67,IF(AY67=3,"DIB"&AV67,IF(AY67=4,"DOB"&AV67,IF(AY67=5,"DIC"&AV67,"DOC"&AV67))))) -> DIA | AT67: =V67 -> 2 | AU67: =X67 -> 0 | AV67: =IF(AU67=0,"",IF(AU67=1,"S",IF(AU67=2,"C","P"))) | AW67: =M67*10+N67 -> 21 | AX67: =_xlfn.XLOOKUP(AW67,Sheet2!$Q$3:$Q$66,Sheet2!$R$3:$R$66,"**") -> ADCV | AY67: =W67 -> 1 | AZ67: =IF(AU67=0,"SKPBN",IF(AU67=1,"SKPBZ",IF(AU67=2,"SKPDN","SKPDZ"))) -> SKPBN
B68: =B67+1 -> 17 | C68: =IF(MOD(C67,10)=7,C67+3,C67+1) -> 135 | D68: 21042 | E68: =_xlfn.XLOOKUP(C68,Sheet2!$N$3:$N$1000,Sheet2!$O$3:$O$1000,"") | G68: =DEC2OCT((2*(OCT2DEC(I68*100)+OCT2DEC(J68*10)+K68))+INT(L68/4)) -> 42 | H68: =(MOD(L68,4)*100)+(M68*10)+N68 -> 42 | I68: =MOD(INT(D68/100000),10) -> 0 | J68: =MOD(INT(D68/10000),10) -> 2 | K68: =MOD(INT(D68/1000),10) -> 1 | L68: =MOD(INT(D68/100),10) -> 0 | M68: =MOD(INT(D68/10),10) -> 4 | N68: =MOD(D68,10) -> 2 | O68: =INT(K68/4)+(J68*2)+(I68*16) -> 4 | P68: =(I68*4)+INT(J68/2) -> 1 | Q68: =V68 -> 0 | R68: =(MOD(L68,4)*100)+(M68*10)+N68 -> 42 | S68: =(MOD(K68,2)*2)+INT(L68/4) -> 2 | T68: =MOD(INT(K68/2),2) -> 0 | U68: =INT(J68/2) -> 1 | V68: =(MOD(J68,2)*2)+INT(K68/4) -> 0 | W68: =(MOD(K68,4)*2)+INT(L68/4) -> 2 | X68: =MOD(L68,4) -> 0 | Y68: =INT(M68/2) -> 2 | Z68: =MOD(M68,2) -> 0 | AA68: =N68 -> 2 | AB68: =IF(S68=0,AC68,IF(S68=1,IF(AD68="********",AF68,AD68),AF68&","&TEXT(S68,"0"))) -> +42,2 | AC68: =_xlfn.XLOOKUP(R68,Sheet2!$H$3:$H$258,Sheet2!$I$3:$I$258,"-----") -> ***** | AD68: =_xlfn.XLOOKUP(VALUE(AE68),Sheet2!$N$3:$N$1000,Sheet2!$O$3:$O$1000,"********") -> ******** | AE68: =IF(VALUE(AF68)<0,DEC2OCT(OCT2DEC(VALUE(C68))-OCT2DEC(-VALUE(AF68))),DEC2OCT(OCT2DEC(VALUE(C68))+OCT2DEC(VALUE(AF68)))) -> 177 | AF68: =IF(R68<200,"+"&TEXT(R68,"0"),"-"&TEXT(_xlfn.XLOOKUP(R68,Sheet2!$K$3:$K$130,Sheet2!$L$3:$L$130,"-----"),"0")) -> +42 | AG68: =IF(T68=1,"@","") | AH68: =IF(Q68=0,"JMP "&AJ68, IF(Q68=1,"JSR "&AJ68,IF(Q68=2,"ISZ "&AJ68,"DSZ "&AJ68))) -> JMP +42,2 | AI68: =TEXT(Q68,"0")&","&AG68&AB68 -> 0,+42,2 | AJ68: =AG68&AB68 -> +42,2 | AK68: =AL68&AN68&AM68&AO68&" "&TEXT(U68,"0")&","&TEXT(V68,"0")&AP68 -> MOVO 1,0,SZC | AL68: =IF(W68=0,"COM",IF(W68=1,"NEG",IF(W68=2,"MOV",IF(W68=3,"INC",IF(W68=4,"ADC",IF(W68=5,"SUB",IF(W68=6,"ADD","AND"))))))) -> MOV | AM68: =IF(X68=0,"",IF(X68=1,"L",IF(X68=2,"R","S"))) | AN68: =IF(Y68=0,"",IF(Y68=1,"Z",IF(Y68=2,"O","C"))) -> O | AO68: =IF(Z68=1,"#","") | AP68: =IF(AA68=0,"",IF(AA68=1,",SKP",IF(AA68=2,",SZC",IF(AA68=3,",SNC",IF(AA68=4,",SZR",IF(AA68=5,",SNR",IF(AA68=6,",SEZ",",SBN"))))))) -> ,SZC | AQ68: =_xlfn.XLOOKUP(D68,Sheet2!$E$3:$E$101,Sheet2!$F$3:$F$101,"******************") -> ****************** | AR68: =IF(AY68=0,"NIO"&AV68&" "&AX68,IF(AY68=7,AZ68&" "&AX68,AS68&" "&TEXT(AT68,"0")&","&AX68)) -> DOA 0,** | AS68: =IF(AY68=1,"DIA"&AV68,IF(AY68=2,"DOA"&AV68,IF(AY68=3,"DIB"&AV68,IF(AY68=4,"DOB"&AV68,IF(AY68=5,"DIC"&AV68,"DOC"&AV68))))) -> DOA | AT68: =V68 -> 0 | AU68: =X68 -> 0 | AV68: =IF(AU68=0,"",IF(AU68=1,"S",IF(AU68=2,"C","P"))) | AW68: =M68*10+N68 -> 42 | AX68: =_xlfn.XLOOKUP(AW68,Sheet2!$Q$3:$Q$66,Sheet2!$R$3:$R$66,"**") -> ** | AY68: =W68 -> 2 | AZ68: =IF(AU68=0,"SKPBN",IF(AU68=1,"SKPBZ",IF(AU68=2,"SKPDN","SKPDZ"))) -> SKPBN
B69: =B68+1 -> 18 | C69: =IF(MOD(C68,10)=7,C68+3,C68+1) -> 136 | D69: 42104 | E69: =_xlfn.XLOOKUP(C69,Sheet2!$N$3:$N$1000,Sheet2!$O$3:$O$1000,"") | G69: =DEC2OCT((2*(OCT2DEC(I69*100)+OCT2DEC(J69*10)+K69))+INT(L69/4)) -> 104 | H69: =(MOD(L69,4)*100)+(M69*10)+N69 -> 104 | I69: =MOD(INT(D69/100000),10) -> 0 | J69: =MOD(INT(D69/10000),10) -> 4 | K69: =MOD(INT(D69/1000),10) -> 2 | L69: =MOD(INT(D69/100),10) -> 1 | M69: =MOD(INT(D69/10),10) -> 0 | N69: =MOD(D69,10) -> 4 | O69: =INT(K69/4)+(J69*2)+(I69*16) -> 8 | P69: =(I69*4)+INT(J69/2) -> 2 | Q69: =V69 -> 0 | R69: =(MOD(L69,4)*100)+(M69*10)+N69 -> 104 | S69: =(MOD(K69,2)*2)+INT(L69/4) -> 0 | T69: =MOD(INT(K69/2),2) -> 1 | U69: =INT(J69/2) -> 2 | V69: =(MOD(J69,2)*2)+INT(K69/4) -> 0 | W69: =(MOD(K69,4)*2)+INT(L69/4) -> 4 | X69: =MOD(L69,4) -> 1 | Y69: =INT(M69/2) -> 0 | Z69: =MOD(M69,2) -> 0 | AA69: =N69 -> 4 | AB69: =IF(S69=0,AC69,IF(S69=1,IF(AD69="********",AF69,AD69),AF69&","&TEXT(S69,"0"))) -> ZB7 | AC69: =_xlfn.XLOOKUP(R69,Sheet2!$H$3:$H$258,Sheet2!$I$3:$I$258,"-----") -> ZB7 | AD69: =_xlfn.XLOOKUP(VALUE(AE69),Sheet2!$N$3:$N$1000,Sheet2!$O$3:$O$1000,"********") -> ******** | AE69: =IF(VALUE(AF69)<0,DEC2OCT(OCT2DEC(VALUE(C69))-OCT2DEC(-VALUE(AF69))),DEC2OCT(OCT2DEC(VALUE(C69))+OCT2DEC(VALUE(AF69)))) -> 242 | AF69: =IF(R69<200,"+"&TEXT(R69,"0"),"-"&TEXT(_xlfn.XLOOKUP(R69,Sheet2!$K$3:$K$130,Sheet2!$L$3:$L$130,"-----"),"0")) -> +104 | AG69: =IF(T69=1,"@","") -> @ | AH69: =IF(Q69=0,"JMP "&AJ69, IF(Q69=1,"JSR "&AJ69,IF(Q69=2,"ISZ "&AJ69,"DSZ "&AJ69))) -> JMP @ZB7 | AI69: =TEXT(Q69,"0")&","&AG69&AB69 -> 0,@ZB7 | AJ69: =AG69&AB69 -> @ZB7 | AK69: =AL69&AN69&AM69&AO69&" "&TEXT(U69,"0")&","&TEXT(V69,"0")&AP69 -> ADCL 2,0,SZR | AL69: =IF(W69=0,"COM",IF(W69=1,"NEG",IF(W69=2,"MOV",IF(W69=3,"INC",IF(W69=4,"ADC",IF(W69=5,"SUB",IF(W69=6,"ADD","AND"))))))) -> ADC | AM69: =IF(X69=0,"",IF(X69=1,"L",IF(X69=2,"R","S"))) -> L | AN69: =IF(Y69=0,"",IF(Y69=1,"Z",IF(Y69=2,"O","C"))) | AO69: =IF(Z69=1,"#","") | AP69: =IF(AA69=0,"",IF(AA69=1,",SKP",IF(AA69=2,",SZC",IF(AA69=3,",SNC",IF(AA69=4,",SZR",IF(AA69=5,",SNR",IF(AA69=6,",SEZ",",SBN"))))))) -> ,SZR | AQ69: =_xlfn.XLOOKUP(D69,Sheet2!$E$3:$E$101,Sheet2!$F$3:$F$101,"******************") -> ****************** | AR69: =IF(AY69=0,"NIO"&AV69&" "&AX69,IF(AY69=7,AZ69&" "&AX69,AS69&" "&TEXT(AT69,"0")&","&AX69)) -> DOBS 0,MAP2 | AS69: =IF(AY69=1,"DIA"&AV69,IF(AY69=2,"DOA"&AV69,IF(AY69=3,"DIB"&AV69,IF(AY69=4,"DOB"&AV69,IF(AY69=5,"DIC"&AV69,"DOC"&AV69))))) -> DOBS | AT69: =V69 -> 0 | AU69: =X69 -> 1 | AV69: =IF(AU69=0,"",IF(AU69=1,"S",IF(AU69=2,"C","P"))) -> S | AW69: =M69*10+N69 -> 4 | AX69: =_xlfn.XLOOKUP(AW69,Sheet2!$Q$3:$Q$66,Sheet2!$R$3:$R$66,"**") -> MAP2 | AY69: =W69 -> 4 | AZ69: =IF(AU69=0,"SKPBN",IF(AU69=1,"SKPBZ",IF(AU69=2,"SKPDN","SKPDZ"))) -> SKPBZ
B70: =B69+1 -> 19 | C70: =IF(MOD(C69,10)=7,C69+3,C69+1) -> 137 | D70: 104210 | E70: =_xlfn.XLOOKUP(C70,Sheet2!$N$3:$N$1000,Sheet2!$O$3:$O$1000,"") | G70: =DEC2OCT((2*(OCT2DEC(I70*100)+OCT2DEC(J70*10)+K70))+INT(L70/4)) -> 210 | H70: =(MOD(L70,4)*100)+(M70*10)+N70 -> 210 | I70: =MOD(INT(D70/100000),10) -> 1 | J70: =MOD(INT(D70/10000),10) -> 0 | K70: =MOD(INT(D70/1000),10) -> 4 | L70: =MOD(INT(D70/100),10) -> 2 | M70: =MOD(INT(D70/10),10) -> 1 | N70: =MOD(D70,10) -> 0 | O70: =INT(K70/4)+(J70*2)+(I70*16) -> 17 | P70: =(I70*4)+INT(J70/2) -> 4 | Q70: =V70 -> 1 | R70: =(MOD(L70,4)*100)+(M70*10)+N70 -> 210 | S70: =(MOD(K70,2)*2)+INT(L70/4) -> 0 | T70: =MOD(INT(K70/2),2) -> 0 | U70: =INT(J70/2) -> 0 | V70: =(MOD(J70,2)*2)+INT(K70/4) -> 1 | W70: =(MOD(K70,4)*2)+INT(L70/4) -> 0 | X70: =MOD(L70,4) -> 2 | Y70: =INT(M70/2) -> 0 | Z70: =MOD(M70,2) -> 1 | AA70: =N70 -> 0 | AB70: =IF(S70=0,AC70,IF(S70=1,IF(AD70="********",AF70,AD70),AF70&","&TEXT(S70,"0"))) -> C317 | AC70: =_xlfn.XLOOKUP(R70,Sheet2!$H$3:$H$258,Sheet2!$I$3:$I$258,"-----") -> C317 | AD70: =_xlfn.XLOOKUP(VALUE(AE70),Sheet2!$N$3:$N$1000,Sheet2!$O$3:$O$1000,"********") -> ******** | AE70: =IF(VALUE(AF70)<0,DEC2OCT(OCT2DEC(VALUE(C70))-OCT2DEC(-VALUE(AF70))),DEC2OCT(OCT2DEC(VALUE(C70))+OCT2DEC(VALUE(AF70)))) -> 7777777747 | AF70: =IF(R70<200,"+"&TEXT(R70,"0"),"-"&TEXT(_xlfn.XLOOKUP(R70,Sheet2!$K$3:$K$130,Sheet2!$L$3:$L$130,"-----"),"0")) -> -170 | AG70: =IF(T70=1,"@","") | AH70: =IF(Q70=0,"JMP "&AJ70, IF(Q70=1,"JSR "&AJ70,IF(Q70=2,"ISZ "&AJ70,"DSZ "&AJ70))) -> JSR C317 | AI70: =TEXT(Q70,"0")&","&AG70&AB70 -> 1,C317 | AJ70: =AG70&AB70 -> C317 | AK70: =AL70&AN70&AM70&AO70&" "&TEXT(U70,"0")&","&TEXT(V70,"0")&AP70 -> COMR# 0,1 | AL70: =IF(W70=0,"COM",IF(W70=1,"NEG",IF(W70=2,"MOV",IF(W70=3,"INC",IF(W70=4,"ADC",IF(W70=5,"SUB",IF(W70=6,"ADD","AND"))))))) -> COM | AM70: =IF(X70=0,"",IF(X70=1,"L",IF(X70=2,"R","S"))) -> R | AN70: =IF(Y70=0,"",IF(Y70=1,"Z",IF(Y70=2,"O","C"))) | AO70: =IF(Z70=1,"#","") -> # | AP70: =IF(AA70=0,"",IF(AA70=1,",SKP",IF(AA70=2,",SZC",IF(AA70=3,",SNC",IF(AA70=4,",SZR",IF(AA70=5,",SNR",IF(AA70=6,",SEZ",",SBN"))))))) | AQ70: =_xlfn.XLOOKUP(D70,Sheet2!$E$3:$E$101,Sheet2!$F$3:$F$101,"******************") -> ****************** | AR70: =IF(AY70=0,"NIO"&AV70&" "&AX70,IF(AY70=7,AZ70&" "&AX70,AS70&" "&TEXT(AT70,"0")&","&AX70)) -> NIOC TTI | AS70: =IF(AY70=1,"DIA"&AV70,IF(AY70=2,"DOA"&AV70,IF(AY70=3,"DIB"&AV70,IF(AY70=4,"DOB"&AV70,IF(AY70=5,"DIC"&AV70,"DOC"&AV70))))) -> DOCC | AT70: =V70 -> 1 | AU70: =X70 -> 2 | AV70: =IF(AU70=0,"",IF(AU70=1,"S",IF(AU70=2,"C","P"))) -> C | AW70: =M70*10+N70 -> 10 | AX70: =_xlfn.XLOOKUP(AW70,Sheet2!$Q$3:$Q$66,Sheet2!$R$3:$R$66,"**") -> TTI | AY70: =W70 -> 0 | AZ70: =IF(AU70=0,"SKPBN",IF(AU70=1,"SKPBZ",IF(AU70=2,"SKPDN","SKPDZ"))) -> SKPDN
B71: 21 | C71: =IF(MOD(C70,10)=7,C70+3,C70+1) -> 140 | D71: 52525 | E71: =_xlfn.XLOOKUP(C71,Sheet2!$N$3:$N$1000,Sheet2!$O$3:$O$1000,"") | G71: =DEC2OCT((2*(OCT2DEC(I71*100)+OCT2DEC(J71*10)+K71))+INT(L71/4)) -> 125 | H71: =(MOD(L71,4)*100)+(M71*10)+N71 -> 125 | I71: =MOD(INT(D71/100000),10) -> 0 | J71: =MOD(INT(D71/10000),10) -> 5 | K71: =MOD(INT(D71/1000),10) -> 2 | L71: =MOD(INT(D71/100),10) -> 5 | M71: =MOD(INT(D71/10),10) -> 2 | N71: =MOD(D71,10) -> 5 | O71: =INT(K71/4)+(J71*2)+(I71*16) -> 10 | P71: =(I71*4)+INT(J71/2) -> 2 | Q71: =V71 -> 2 | R71: =(MOD(L71,4)*100)+(M71*10)+N71 -> 125 | S71: =(MOD(K71,2)*2)+INT(L71/4) -> 1 | T71: =MOD(INT(K71/2),2) -> 1 | U71: =INT(J71/2) -> 2 | V71: =(MOD(J71,2)*2)+INT(K71/4) -> 2 | W71: =(MOD(K71,4)*2)+INT(L71/4) -> 5 | X71: =MOD(L71,4) -> 1 | Y71: =INT(M71/2) -> 1 | Z71: =MOD(M71,2) -> 0 | AA71: =N71 -> 5 | AB71: =IF(S71=0,AC71,IF(S71=1,IF(AD71="********",AF71,AD71),AF71&","&TEXT(S71,"0"))) -> +125 | AC71: =_xlfn.XLOOKUP(R71,Sheet2!$H$3:$H$258,Sheet2!$I$3:$I$258,"-----") -> C377 | AD71: =_xlfn.XLOOKUP(VALUE(AE71),Sheet2!$N$3:$N$1000,Sheet2!$O$3:$O$1000,"********") -> ******** | AE71: =IF(VALUE(AF71)<0,DEC2OCT(OCT2DEC(VALUE(C71))-OCT2DEC(-VALUE(AF71))),DEC2OCT(OCT2DEC(VALUE(C71))+OCT2DEC(VALUE(AF71)))) -> 265 | AF71: =IF(R71<200,"+"&TEXT(R71,"0"),"-"&TEXT(_xlfn.XLOOKUP(R71,Sheet2!$K$3:$K$130,Sheet2!$L$3:$L$130,"-----"),"0")) -> +125 | AG71: =IF(T71=1,"@","") -> @ | AH71: =IF(Q71=0,"JMP "&AJ71, IF(Q71=1,"JSR "&AJ71,IF(Q71=2,"ISZ "&AJ71,"DSZ "&AJ71))) -> ISZ @+125 | AI71: =TEXT(Q71,"0")&","&AG71&AB71 -> 2,@+125 | AJ71: =AG71&AB71 -> @+125 | AK71: =AL71&AN71&AM71&AO71&" "&TEXT(U71,"0")&","&TEXT(V71,"0")&AP71 -> SUBZL 2,2,SNR | AL71: =IF(W71=0,"COM",IF(W71=1,"NEG",IF(W71=2,"MOV",IF(W71=3,"INC",IF(W71=4,"ADC",IF(W71=5,"SUB",IF(W71=6,"ADD","AND"))))))) -> SUB | AM71: =IF(X71=0,"",IF(X71=1,"L",IF(X71=2,"R","S"))) -> L | AN71: =IF(Y71=0,"",IF(Y71=1,"Z",IF(Y71=2,"O","C"))) -> Z | AO71: =IF(Z71=1,"#","") | AP71: =IF(AA71=0,"",IF(AA71=1,",SKP",IF(AA71=2,",SZC",IF(AA71=3,",SNC",IF(AA71=4,",SZR",IF(AA71=5,",SNR",IF(AA71=6,",SEZ",",SBN"))))))) -> ,SNR | AQ71: =_xlfn.XLOOKUP(D71,Sheet2!$E$3:$E$101,Sheet2!$F$3:$F$101,"******************") -> ****************** | AR71: =IF(AY71=0,"NIO"&AV71&" "&AX71,IF(AY71=7,AZ71&" "&AX71,AS71&" "&TEXT(AT71,"0")&","&AX71)) -> DICS 2,** | AS71: =IF(AY71=1,"DIA"&AV71,IF(AY71=2,"DOA"&AV71,IF(AY71=3,"DIB"&AV71,IF(AY71=4,"DOB"&AV71,IF(AY71=5,"DIC"&AV71,"DOC"&AV71))))) -> DICS | AT71: =V71 -> 2 | AU71: =X71 -> 1 | AV71: =IF(AU71=0,"",IF(AU71=1,"S",IF(AU71=2,"C","P"))) -> S | AW71: =M71*10+N71 -> 25 | AX71: =_xlfn.XLOOKUP(AW71,Sheet2!$Q$3:$Q$66,Sheet2!$R$3:$R$66,"**") -> ** | AY71: =W71 -> 5 | AZ71: =IF(AU71=0,"SKPBN",IF(AU71=1,"SKPBZ",IF(AU71=2,"SKPDN","SKPDZ"))) -> SKPBZ
B72: =B71+1 -> 22 | C72: =IF(MOD(C71,10)=7,C71+3,C71+1) -> 141 | D72: 125252 | E72: =_xlfn.XLOOKUP(C72,Sheet2!$N$3:$N$1000,Sheet2!$O$3:$O$1000,"") | G72: =DEC2OCT((2*(OCT2DEC(I72*100)+OCT2DEC(J72*10)+K72))+INT(L72/4)) -> 252 | H72: =(MOD(L72,4)*100)+(M72*10)+N72 -> 252 | I72: =MOD(INT(D72/100000),10) -> 1 | J72: =MOD(INT(D72/10000),10) -> 2 | K72: =MOD(INT(D72/1000),10) -> 5 | L72: =MOD(INT(D72/100),10) -> 2 | M72: =MOD(INT(D72/10),10) -> 5 | N72: =MOD(D72,10) -> 2 | O72: =INT(K72/4)+(J72*2)+(I72*16) -> 21 | P72: =(I72*4)+INT(J72/2) -> 5 | Q72: =V72 -> 1 | R72: =(MOD(L72,4)*100)+(M72*10)+N72 -> 252 | S72: =(MOD(K72,2)*2)+INT(L72/4) -> 2 | T72: =MOD(INT(K72/2),2) -> 0 | U72: =INT(J72/2) -> 1 | V72: =(MOD(J72,2)*2)+INT(K72/4) -> 1 | W72: =(MOD(K72,4)*2)+INT(L72/4) -> 2 | X72: =MOD(L72,4) -> 2 | Y72: =INT(M72/2) -> 2 | Z72: =MOD(M72,2) -> 1 | AA72: =N72 -> 2 | AB72: =IF(S72=0,AC72,IF(S72=1,IF(AD72="********",AF72,AD72),AF72&","&TEXT(S72,"0"))) -> -126,2 | AC72: =_xlfn.XLOOKUP(R72,Sheet2!$H$3:$H$258,Sheet2!$I$3:$I$258,"-----") -> I.EH1 | AD72: =_xlfn.XLOOKUP(VALUE(AE72),Sheet2!$N$3:$N$1000,Sheet2!$O$3:$O$1000,"********") -> ******** | AE72: =IF(VALUE(AF72)<0,DEC2OCT(OCT2DEC(VALUE(C72))-OCT2DEC(-VALUE(AF72))),DEC2OCT(OCT2DEC(VALUE(C72))+OCT2DEC(VALUE(AF72)))) -> 13 | AF72: =IF(R72<200,"+"&TEXT(R72,"0"),"-"&TEXT(_xlfn.XLOOKUP(R72,Sheet2!$K$3:$K$130,Sheet2!$L$3:$L$130,"-----"),"0")) -> -126 | AG72: =IF(T72=1,"@","") | AH72: =IF(Q72=0,"JMP "&AJ72, IF(Q72=1,"JSR "&AJ72,IF(Q72=2,"ISZ "&AJ72,"DSZ "&AJ72))) -> JSR -126,2 | AI72: =TEXT(Q72,"0")&","&AG72&AB72 -> 1,-126,2 | AJ72: =AG72&AB72 -> -126,2 | AK72: =AL72&AN72&AM72&AO72&" "&TEXT(U72,"0")&","&TEXT(V72,"0")&AP72 -> MOVOR# 1,1,SZC | AL72: =IF(W72=0,"COM",IF(W72=1,"NEG",IF(W72=2,"MOV",IF(W72=3,"INC",IF(W72=4,"ADC",IF(W72=5,"SUB",IF(W72=6,"ADD","AND"))))))) -> MOV | AM72: =IF(X72=0,"",IF(X72=1,"L",IF(X72=2,"R","S"))) -> R | AN72: =IF(Y72=0,"",IF(Y72=1,"Z",IF(Y72=2,"O","C"))) -> O | AO72: =IF(Z72=1,"#","") -> # | AP72: =IF(AA72=0,"",IF(AA72=1,",SKP",IF(AA72=2,",SZC",IF(AA72=3,",SNC",IF(AA72=4,",SZR",IF(AA72=5,",SNR",IF(AA72=6,",SEZ",",SBN"))))))) -> ,SZC | AQ72: =_xlfn.XLOOKUP(D72,Sheet2!$E$3:$E$101,Sheet2!$F$3:$F$101,"******************") -> ****************** | AR72: =IF(AY72=0,"NIO"&AV72&" "&AX72,IF(AY72=7,AZ72&" "&AX72,AS72&" "&TEXT(AT72,"0")&","&AX72)) -> DOAC 1,** | AS72: =IF(AY72=1,"DIA"&AV72,IF(AY72=2,"DOA"&AV72,IF(AY72=3,"DIB"&AV72,IF(AY72=4,"DOB"&AV72,IF(AY72=5,"DIC"&AV72,"DOC"&AV72))))) -> DOAC | AT72: =V72 -> 1 | AU72: =X72 -> 2 | AV72: =IF(AU72=0,"",IF(AU72=1,"S",IF(AU72=2,"C","P"))) -> C | AW72: =M72*10+N72 -> 52 | AX72: =_xlfn.XLOOKUP(AW72,Sheet2!$Q$3:$Q$66,Sheet2!$R$3:$R$66,"**") -> ** | AY72: =W72 -> 2 | AZ72: =IF(AU72=0,"SKPBN",IF(AU72=1,"SKPBZ",IF(AU72=2,"SKPDN","SKPDZ"))) -> SKPDN
B73: =B72+1 -> 23 | C73: =IF(MOD(C72,10)=7,C72+3,C72+1) -> 142 | D73: 123456 | E73: =_xlfn.XLOOKUP(C73,Sheet2!$N$3:$N$1000,Sheet2!$O$3:$O$1000,"") | G73: =DEC2OCT((2*(OCT2DEC(I73*100)+OCT2DEC(J73*10)+K73))+INT(L73/4)) -> 247 | H73: =(MOD(L73,4)*100)+(M73*10)+N73 -> 56 | I73: =MOD(INT(D73/100000),10) -> 1 | J73: =MOD(INT(D73/10000),10) -> 2 | K73: =MOD(INT(D73/1000),10) -> 3 | L73: =MOD(INT(D73/100),10) -> 4 | M73: =MOD(INT(D73/10),10) -> 5 | N73: =MOD(D73,10) -> 6 | O73: =INT(K73/4)+(J73*2)+(I73*16) -> 20 | P73: =(I73*4)+INT(J73/2) -> 5 | Q73: =V73 -> 0 | R73: =(MOD(L73,4)*100)+(M73*10)+N73 -> 56 | S73: =(MOD(K73,2)*2)+INT(L73/4) -> 3 | T73: =MOD(INT(K73/2),2) -> 1 | U73: =INT(J73/2) -> 1 | V73: =(MOD(J73,2)*2)+INT(K73/4) -> 0 | W73: =(MOD(K73,4)*2)+INT(L73/4) -> 7 | X73: =MOD(L73,4) -> 0 | Y73: =INT(M73/2) -> 2 | Z73: =MOD(M73,2) -> 1 | AA73: =N73 -> 6 | AB73: =IF(S73=0,AC73,IF(S73=1,IF(AD73="********",AF73,AD73),AF73&","&TEXT(S73,"0"))) -> +56,3 | AC73: =_xlfn.XLOOKUP(R73,Sheet2!$H$3:$H$258,Sheet2!$I$3:$I$258,"-----") -> .TU+3 | AD73: =_xlfn.XLOOKUP(VALUE(AE73),Sheet2!$N$3:$N$1000,Sheet2!$O$3:$O$1000,"********") -> ******** | AE73: =IF(VALUE(AF73)<0,DEC2OCT(OCT2DEC(VALUE(C73))-OCT2DEC(-VALUE(AF73))),DEC2OCT(OCT2DEC(VALUE(C73))+OCT2DEC(VALUE(AF73)))) -> 220 | AF73: =IF(R73<200,"+"&TEXT(R73,"0"),"-"&TEXT(_xlfn.XLOOKUP(R73,Sheet2!$K$3:$K$130,Sheet2!$L$3:$L$130,"-----"),"0")) -> +56 | AG73: =IF(T73=1,"@","") -> @ | AH73: =IF(Q73=0,"JMP "&AJ73, IF(Q73=1,"JSR "&AJ73,IF(Q73=2,"ISZ "&AJ73,"DSZ "&AJ73))) -> JMP @+56,3 | AI73: =TEXT(Q73,"0")&","&AG73&AB73 -> 0,@+56,3 | AJ73: =AG73&AB73 -> @+56,3 | AK73: =AL73&AN73&AM73&AO73&" "&TEXT(U73,"0")&","&TEXT(V73,"0")&AP73 -> ANDO# 1,0,SEZ | AL73: =IF(W73=0,"COM",IF(W73=1,"NEG",IF(W73=2,"MOV",IF(W73=3,"INC",IF(W73=4,"ADC",IF(W73=5,"SUB",IF(W73=6,"ADD","AND"))))))) -> AND | AM73: =IF(X73=0,"",IF(X73=1,"L",IF(X73=2,"R","S"))) | AN73: =IF(Y73=0,"",IF(Y73=1,"Z",IF(Y73=2,"O","C"))) -> O | AO73: =IF(Z73=1,"#","") -> # | AP73: =IF(AA73=0,"",IF(AA73=1,",SKP",IF(AA73=2,",SZC",IF(AA73=3,",SNC",IF(AA73=4,",SZR",IF(AA73=5,",SNR",IF(AA73=6,",SEZ",",SBN"))))))) -> ,SEZ | AQ73: =_xlfn.XLOOKUP(D73,Sheet2!$E$3:$E$101,Sheet2!$F$3:$F$101,"******************") -> ****************** | AR73: =IF(AY73=0,"NIO"&AV73&" "&AX73,IF(AY73=7,AZ73&" "&AX73,AS73&" "&TEXT(AT73,"0")&","&AX73)) -> SKPBN ** | AS73: =IF(AY73=1,"DIA"&AV73,IF(AY73=2,"DOA"&AV73,IF(AY73=3,"DIB"&AV73,IF(AY73=4,"DOB"&AV73,IF(AY73=5,"DIC"&AV73,"DOC"&AV73))))) -> DOC | AT73: =V73 -> 0 | AU73: =X73 -> 0 | AV73: =IF(AU73=0,"",IF(AU73=1,"S",IF(AU73=2,"C","P"))) | AW73: =M73*10+N73 -> 56 | AX73: =_xlfn.XLOOKUP(AW73,Sheet2!$Q$3:$Q$66,Sheet2!$R$3:$R$66,"**") -> ** | AY73: =W73 -> 7 | AZ73: =IF(AU73=0,"SKPBN",IF(AU73=1,"SKPBZ",IF(AU73=2,"SKPDN","SKPDZ"))) -> SKPBN
B74: =B73+1 -> 24 | C74: =IF(MOD(C73,10)=7,C73+3,C73+1) -> 143 | D74: 123456 | E74: =_xlfn.XLOOKUP(C74,Sheet2!$N$3:$N$1000,Sheet2!$O$3:$O$1000,"") | G74: =DEC2OCT((2*(OCT2DEC(I74*100)+OCT2DEC(J74*10)+K74))+INT(L74/4)) -> 247 | H74: =(MOD(L74,4)*100)+(M74*10)+N74 -> 56 | I74: =MOD(INT(D74/100000),10) -> 1 | J74: =MOD(INT(D74/10000),10) -> 2 | K74: =MOD(INT(D74/1000),10) -> 3 | L74: =MOD(INT(D74/100),10) -> 4 | M74: =MOD(INT(D74/10),10) -> 5 | N74: =MOD(D74,10) -> 6 | O74: =INT(K74/4)+(J74*2)+(I74*16) -> 20 | P74: =(I74*4)+INT(J74/2) -> 5 | Q74: =V74 -> 0 | R74: =(MOD(L74,4)*100)+(M74*10)+N74 -> 56 | S74: =(MOD(K74,2)*2)+INT(L74/4) -> 3 | T74: =MOD(INT(K74/2),2) -> 1 | U74: =INT(J74/2) -> 1 | V74: =(MOD(J74,2)*2)+INT(K74/4) -> 0 | W74: =(MOD(K74,4)*2)+INT(L74/4) -> 7 | X74: =MOD(L74,4) -> 0 | Y74: =INT(M74/2) -> 2 | Z74: =MOD(M74,2) -> 1 | AA74: =N74 -> 6 | AB74: =IF(S74=0,AC74,IF(S74=1,IF(AD74="********",AF74,AD74),AF74&","&TEXT(S74,"0"))) -> +56,3 | AC74: =_xlfn.XLOOKUP(R74,Sheet2!$H$3:$H$258,Sheet2!$I$3:$I$258,"-----") -> .TU+3 | AD74: =_xlfn.XLOOKUP(VALUE(AE74),Sheet2!$N$3:$N$1000,Sheet2!$O$3:$O$1000,"********") -> ******** | AE74: =IF(VALUE(AF74)<0,DEC2OCT(OCT2DEC(VALUE(C74))-OCT2DEC(-VALUE(AF74))),DEC2OCT(OCT2DEC(VALUE(C74))+OCT2DEC(VALUE(AF74)))) -> 221 | AF74: =IF(R74<200,"+"&TEXT(R74,"0"),"-"&TEXT(_xlfn.XLOOKUP(R74,Sheet2!$K$3:$K$130,Sheet2!$L$3:$L$130,"-----"),"0")) -> +56 | AG74: =IF(T74=1,"@","") -> @ | AH74: =IF(Q74=0,"JMP "&AJ74, IF(Q74=1,"JSR "&AJ74,IF(Q74=2,"ISZ "&AJ74,"DSZ "&AJ74))) -> JMP @+56,3 | AI74: =TEXT(Q74,"0")&","&AG74&AB74 -> 0,@+56,3 | AJ74: =AG74&AB74 -> @+56,3 | AK74: =AL74&AN74&AM74&AO74&" "&TEXT(U74,"0")&","&TEXT(V74,"0")&AP74 -> ANDO# 1,0,SEZ | AL74: =IF(W74=0,"COM",IF(W74=1,"NEG",IF(W74=2,"MOV",IF(W74=3,"INC",IF(W74=4,"ADC",IF(W74=5,"SUB",IF(W74=6,"ADD","AND"))))))) -> AND | AM74: =IF(X74=0,"",IF(X74=1,"L",IF(X74=2,"R","S"))) | AN74: =IF(Y74=0,"",IF(Y74=1,"Z",IF(Y74=2,"O","C"))) -> O | AO74: =IF(Z74=1,"#","") -> # | AP74: =IF(AA74=0,"",IF(AA74=1,",SKP",IF(AA74=2,",SZC",IF(AA74=3,",SNC",IF(AA74=4,",SZR",IF(AA74=5,",SNR",IF(AA74=6,",SEZ",",SBN"))))))) -> ,SEZ | AQ74: =_xlfn.XLOOKUP(D74,Sheet2!$E$3:$E$101,Sheet2!$F$3:$F$101,"******************") -> ****************** | AR74: =IF(AY74=0,"NIO"&AV74&" "&AX74,IF(AY74=7,AZ74&" "&AX74,AS74&" "&TEXT(AT74,"0")&","&AX74)) -> SKPBN ** | AS74: =IF(AY74=1,"DIA"&AV74,IF(AY74=2,"DOA"&AV74,IF(AY74=3,"DIB"&AV74,IF(AY74=4,"DOB"&AV74,IF(AY74=5,"DIC"&AV74,"DOC"&AV74))))) -> DOC | AT74: =V74 -> 0 | AU74: =X74 -> 0 | AV74: =IF(AU74=0,"",IF(AU74=1,"S",IF(AU74=2,"C","P"))) | AW74: =M74*10+N74 -> 56 | AX74: =_xlfn.XLOOKUP(AW74,Sheet2!$Q$3:$Q$66,Sheet2!$R$3:$R$66,"**") -> ** | AY74: =W74 -> 7 | AZ74: =IF(AU74=0,"SKPBN",IF(AU74=1,"SKPBZ",IF(AU74=2,"SKPDN","SKPDZ"))) -> SKPBN
B75: =B74+1 -> 25 | C75: =IF(MOD(C74,10)=7,C74+3,C74+1) -> 144 | D75: 0 | E75: =_xlfn.XLOOKUP(C75,Sheet2!$N$3:$N$1000,Sheet2!$O$3:$O$1000,"") | G75: =DEC2OCT((2*(OCT2DEC(I75*100)+OCT2DEC(J75*10)+K75))+INT(L75/4)) -> 0 | H75: =(MOD(L75,4)*100)+(M75*10)+N75 -> 0 | I75: =MOD(INT(D75/100000),10) -> 0 | J75: =MOD(INT(D75/10000),10) -> 0 | K75: =MOD(INT(D75/1000),10) -> 0 | L75: =MOD(INT(D75/100),10) -> 0 | M75: =MOD(INT(D75/10),10) -> 0 | N75: =MOD(D75,10) -> 0 | O75: =INT(K75/4)+(J75*2)+(I75*16) -> 0 | P75: =(I75*4)+INT(J75/2) -> 0 | Q75: =V75 -> 0 | R75: =(MOD(L75,4)*100)+(M75*10)+N75 -> 0 | S75: =(MOD(K75,2)*2)+INT(L75/4) -> 0 | T75: =MOD(INT(K75/2),2) -> 0 | U75: =INT(J75/2) -> 0 | V75: =(MOD(J75,2)*2)+INT(K75/4) -> 0 | W75: =(MOD(K75,4)*2)+INT(L75/4) -> 0 | X75: =MOD(L75,4) -> 0 | Y75: =INT(M75/2) -> 0 | Z75: =MOD(M75,2) -> 0 | AA75: =N75 -> 0 | AB75: =IF(S75=0,AC75,IF(S75=1,IF(AD75="********",AF75,AD75),AF75&","&TEXT(S75,"0"))) -> 0 | AC75: =_xlfn.XLOOKUP(R75,Sheet2!$H$3:$H$258,Sheet2!$I$3:$I$258,"-----") -> 0 | AD75: =_xlfn.XLOOKUP(VALUE(AE75),Sheet2!$N$3:$N$1000,Sheet2!$O$3:$O$1000,"********") -> ******** | AE75: =IF(VALUE(AF75)<0,DEC2OCT(OCT2DEC(VALUE(C75))-OCT2DEC(-VALUE(AF75))),DEC2OCT(OCT2DEC(VALUE(C75))+OCT2DEC(VALUE(AF75)))) -> 144 | AF75: =IF(R75<200,"+"&TEXT(R75,"0"),"-"&TEXT(_xlfn.XLOOKUP(R75,Sheet2!$K$3:$K$130,Sheet2!$L$3:$L$130,"-----"),"0")) -> +0 | AG75: =IF(T75=1,"@","") | AH75: =IF(Q75=0,"JMP "&AJ75, IF(Q75=1,"JSR "&AJ75,IF(Q75=2,"ISZ "&AJ75,"DSZ "&AJ75))) -> JMP 0 | AI75: =TEXT(Q75,"0")&","&AG75&AB75 -> 0,0 | AJ75: =AG75&AB75 -> 0 | AK75: =AL75&AN75&AM75&AO75&" "&TEXT(U75,"0")&","&TEXT(V75,"0")&AP75 -> COM 0,0 | AL75: =IF(W75=0,"COM",IF(W75=1,"NEG",IF(W75=2,"MOV",IF(W75=3,"INC",IF(W75=4,"ADC",IF(W75=5,"SUB",IF(W75=6,"ADD","AND"))))))) -> COM | AM75: =IF(X75=0,"",IF(X75=1,"L",IF(X75=2,"R","S"))) | AN75: =IF(Y75=0,"",IF(Y75=1,"Z",IF(Y75=2,"O","C"))) | AO75: =IF(Z75=1,"#","") | AP75: =IF(AA75=0,"",IF(AA75=1,",SKP",IF(AA75=2,",SZC",IF(AA75=3,",SNC",IF(AA75=4,",SZR",IF(AA75=5,",SNR",IF(AA75=6,",SEZ",",SBN"))))))) | AQ75: =_xlfn.XLOOKUP(D75,Sheet2!$E$3:$E$101,Sheet2!$F$3:$F$101,"******************") -> 0 | AR75: =IF(AY75=0,"NIO"&AV75&" "&AX75,IF(AY75=7,AZ75&" "&AX75,AS75&" "&TEXT(AT75,"0")&","&AX75)) -> NIO 0 | AS75: =IF(AY75=1,"DIA"&AV75,IF(AY75=2,"DOA"&AV75,IF(AY75=3,"DIB"&AV75,IF(AY75=4,"DOB"&AV75,IF(AY75=5,"DIC"&AV75,"DOC"&AV75))))) -> DOC | AT75: =V75 -> 0 | AU75: =X75 -> 0 | AV75: =IF(AU75=0,"",IF(AU75=1,"S",IF(AU75=2,"C","P"))) | AW75: =M75*10+N75 -> 0 | AX75: =_xlfn.XLOOKUP(AW75,Sheet2!$Q$3:$Q$66,Sheet2!$R$3:$R$66,"**") -> 0 | AY75: =W75 -> 0 | AZ75: =IF(AU75=0,"SKPBN",IF(AU75=1,"SKPBZ",IF(AU75=2,"SKPDN","SKPDZ"))) -> SKPBN
B76: =B75+1 -> 26 | C76: =IF(MOD(C75,10)=7,C75+3,C75+1) -> 145 | D76: 0 | E76: =_xlfn.XLOOKUP(C76,Sheet2!$N$3:$N$1000,Sheet2!$O$3:$O$1000,"") | G76: =DEC2OCT((2*(OCT2DEC(I76*100)+OCT2DEC(J76*10)+K76))+INT(L76/4)) -> 0 | H76: =(MOD(L76,4)*100)+(M76*10)+N76 -> 0 | I76: =MOD(INT(D76/100000),10) -> 0 | J76: =MOD(INT(D76/10000),10) -> 0 | K76: =MOD(INT(D76/1000),10) -> 0 | L76: =MOD(INT(D76/100),10) -> 0 | M76: =MOD(INT(D76/10),10) -> 0 | N76: =MOD(D76,10) -> 0 | O76: =INT(K76/4)+(J76*2)+(I76*16) -> 0 | P76: =(I76*4)+INT(J76/2) -> 0 | Q76: =V76 -> 0 | R76: =(MOD(L76,4)*100)+(M76*10)+N76 -> 0 | S76: =(MOD(K76,2)*2)+INT(L76/4) -> 0 | T76: =MOD(INT(K76/2),2) -> 0 | U76: =INT(J76/2) -> 0 | V76: =(MOD(J76,2)*2)+INT(K76/4) -> 0 | W76: =(MOD(K76,4)*2)+INT(L76/4) -> 0 | X76: =MOD(L76,4) -> 0 | Y76: =INT(M76/2) -> 0 | Z76: =MOD(M76,2) -> 0 | AA76: =N76 -> 0 | AB76: =IF(S76=0,AC76,IF(S76=1,IF(AD76="********",AF76,AD76),AF76&","&TEXT(S76,"0"))) -> 0 | AC76: =_xlfn.XLOOKUP(R76,Sheet2!$H$3:$H$258,Sheet2!$I$3:$I$258,"-----") -> 0 | AD76: =_xlfn.XLOOKUP(VALUE(AE76),Sheet2!$N$3:$N$1000,Sheet2!$O$3:$O$1000,"********") -> ******** | AE76: =IF(VALUE(AF76)<0,DEC2OCT(OCT2DEC(VALUE(C76))-OCT2DEC(-VALUE(AF76))),DEC2OCT(OCT2DEC(VALUE(C76))+OCT2DEC(VALUE(AF76)))) -> 145 | AF76: =IF(R76<200,"+"&TEXT(R76,"0"),"-"&TEXT(_xlfn.XLOOKUP(R76,Sheet2!$K$3:$K$130,Sheet2!$L$3:$L$130,"-----"),"0")) -> +0 | AG76: =IF(T76=1,"@","") | AH76: =IF(Q76=0,"JMP "&AJ76, IF(Q76=1,"JSR "&AJ76,IF(Q76=2,"ISZ "&AJ76,"DSZ "&AJ76))) -> JMP 0 | AI76: =TEXT(Q76,"0")&","&AG76&AB76 -> 0,0 | AJ76: =AG76&AB76 -> 0 | AK76: =AL76&AN76&AM76&AO76&" "&TEXT(U76,"0")&","&TEXT(V76,"0")&AP76 -> COM 0,0 | AL76: =IF(W76=0,"COM",IF(W76=1,"NEG",IF(W76=2,"MOV",IF(W76=3,"INC",IF(W76=4,"ADC",IF(W76=5,"SUB",IF(W76=6,"ADD","AND"))))))) -> COM | AM76: =IF(X76=0,"",IF(X76=1,"L",IF(X76=2,"R","S"))) | AN76: =IF(Y76=0,"",IF(Y76=1,"Z",IF(Y76=2,"O","C"))) | AO76: =IF(Z76=1,"#","") | AP76: =IF(AA76=0,"",IF(AA76=1,",SKP",IF(AA76=2,",SZC",IF(AA76=3,",SNC",IF(AA76=4,",SZR",IF(AA76=5,",SNR",IF(AA76=6,",SEZ",",SBN"))))))) | AQ76: =_xlfn.XLOOKUP(D76,Sheet2!$E$3:$E$101,Sheet2!$F$3:$F$101,"******************") -> 0 | AR76: =IF(AY76=0,"NIO"&AV76&" "&AX76,IF(AY76=7,AZ76&" "&AX76,AS76&" "&TEXT(AT76,"0")&","&AX76)) -> NIO 0 | AS76: =IF(AY76=1,"DIA"&AV76,IF(AY76=2,"DOA"&AV76,IF(AY76=3,"DIB"&AV76,IF(AY76=4,"DOB"&AV76,IF(AY76=5,"DIC"&AV76,"DOC"&AV76))))) -> DOC | AT76: =V76 -> 0 | AU76: =X76 -> 0 | AV76: =IF(AU76=0,"",IF(AU76=1,"S",IF(AU76=2,"C","P"))) | AW76: =M76*10+N76 -> 0 | AX76: =_xlfn.XLOOKUP(AW76,Sheet2!$Q$3:$Q$66,Sheet2!$R$3:$R$66,"**") -> 0 | AY76: =W76 -> 0 | AZ76: =IF(AU76=0,"SKPBN",IF(AU76=1,"SKPBZ",IF(AU76=2,"SKPDN","SKPDZ"))) -> SKPBN
B77: =B76+1 -> 27 | C77: =IF(MOD(C76,10)=7,C76+3,C76+1) -> 146 | D77: 0 | E77: =_xlfn.XLOOKUP(C77,Sheet2!$N$3:$N$1000,Sheet2!$O$3:$O$1000,"") | G77: =DEC2OCT((2*(OCT2DEC(I77*100)+OCT2DEC(J77*10)+K77))+INT(L77/4)) -> 0 | H77: =(MOD(L77,4)*100)+(M77*10)+N77 -> 0 | I77: =MOD(INT(D77/100000),10) -> 0 | J77: =MOD(INT(D77/10000),10) -> 0 | K77: =MOD(INT(D77/1000),10) -> 0 | L77: =MOD(INT(D77/100),10) -> 0 | M77: =MOD(INT(D77/10),10) -> 0 | N77: =MOD(D77,10) -> 0 | O77: =INT(K77/4)+(J77*2)+(I77*16) -> 0 | P77: =(I77*4)+INT(J77/2) -> 0 | Q77: =V77 -> 0 | R77: =(MOD(L77,4)*100)+(M77*10)+N77 -> 0 | S77: =(MOD(K77,2)*2)+INT(L77/4) -> 0 | T77: =MOD(INT(K77/2),2) -> 0 | U77: =INT(J77/2) -> 0 | V77: =(MOD(J77,2)*2)+INT(K77/4) -> 0 | W77: =(MOD(K77,4)*2)+INT(L77/4) -> 0 | X77: =MOD(L77,4) -> 0 | Y77: =INT(M77/2) -> 0 | Z77: =MOD(M77,2) -> 0 | AA77: =N77 -> 0 | AB77: =IF(S77=0,AC77,IF(S77=1,IF(AD77="********",AF77,AD77),AF77&","&TEXT(S77,"0"))) -> 0 | AC77: =_xlfn.XLOOKUP(R77,Sheet2!$H$3:$H$258,Sheet2!$I$3:$I$258,"-----") -> 0 | AD77: =_xlfn.XLOOKUP(VALUE(AE77),Sheet2!$N$3:$N$1000,Sheet2!$O$3:$O$1000,"********") -> ******** | AE77: =IF(VALUE(AF77)<0,DEC2OCT(OCT2DEC(VALUE(C77))-OCT2DEC(-VALUE(AF77))),DEC2OCT(OCT2DEC(VALUE(C77))+OCT2DEC(VALUE(AF77)))) -> 146 | AF77: =IF(R77<200,"+"&TEXT(R77,"0"),"-"&TEXT(_xlfn.XLOOKUP(R77,Sheet2!$K$3:$K$130,Sheet2!$L$3:$L$130,"-----"),"0")) -> +0 | AG77: =IF(T77=1,"@","") | AH77: =IF(Q77=0,"JMP "&AJ77, IF(Q77=1,"JSR "&AJ77,IF(Q77=2,"ISZ "&AJ77,"DSZ "&AJ77))) -> JMP 0 | AI77: =TEXT(Q77,"0")&","&AG77&AB77 -> 0,0 | AJ77: =AG77&AB77 -> 0 | AK77: =AL77&AN77&AM77&AO77&" "&TEXT(U77,"0")&","&TEXT(V77,"0")&AP77 -> COM 0,0 | AL77: =IF(W77=0,"COM",IF(W77=1,"NEG",IF(W77=2,"MOV",IF(W77=3,"INC",IF(W77=4,"ADC",IF(W77=5,"SUB",IF(W77=6,"ADD","AND"))))))) -> COM | AM77: =IF(X77=0,"",IF(X77=1,"L",IF(X77=2,"R","S"))) | AN77: =IF(Y77=0,"",IF(Y77=1,"Z",IF(Y77=2,"O","C"))) | AO77: =IF(Z77=1,"#","") | AP77: =IF(AA77=0,"",IF(AA77=1,",SKP",IF(AA77=2,",SZC",IF(AA77=3,",SNC",IF(AA77=4,",SZR",IF(AA77=5,",SNR",IF(AA77=6,",SEZ",",SBN"))))))) | AQ77: =_xlfn.XLOOKUP(D77,Sheet2!$E$3:$E$101,Sheet2!$F$3:$F$101,"******************") -> 0 | AR77: =IF(AY77=0,"NIO"&AV77&" "&AX77,IF(AY77=7,AZ77&" "&AX77,AS77&" "&TEXT(AT77,"0")&","&AX77)) -> NIO 0 | AS77: =IF(AY77=1,"DIA"&AV77,IF(AY77=2,"DOA"&AV77,IF(AY77=3,"DIB"&AV77,IF(AY77=4,"DOB"&AV77,IF(AY77=5,"DIC"&AV77,"DOC"&AV77))))) -> DOC | AT77: =V77 -> 0 | AU77: =X77 -> 0 | AV77: =IF(AU77=0,"",IF(AU77=1,"S",IF(AU77=2,"C","P"))) | AW77: =M77*10+N77 -> 0 | AX77: =_xlfn.XLOOKUP(AW77,Sheet2!$Q$3:$Q$66,Sheet2!$R$3:$R$66,"**") -> 0 | AY77: =W77 -> 0 | AZ77: =IF(AU77=0,"SKPBN",IF(AU77=1,"SKPBZ",IF(AU77=2,"SKPDN","SKPDZ"))) -> SKPBN
B78: =B77+1 -> 28 | C78: =IF(MOD(C77,10)=7,C77+3,C77+1) -> 147 | D78: 66000 | E78: =_xlfn.XLOOKUP(C78,Sheet2!$N$3:$N$1000,Sheet2!$O$3:$O$1000,"") | G78: =DEC2OCT((2*(OCT2DEC(I78*100)+OCT2DEC(J78*10)+K78))+INT(L78/4)) -> 154 | H78: =(MOD(L78,4)*100)+(M78*10)+N78 -> 0 | I78: =MOD(INT(D78/100000),10) -> 0 | J78: =MOD(INT(D78/10000),10) -> 6 | K78: =MOD(INT(D78/1000),10) -> 6 | L78: =MOD(INT(D78/100),10) -> 0 | M78: =MOD(INT(D78/10),10) -> 0 | N78: =MOD(D78,10) -> 0 | O78: =INT(K78/4)+(J78*2)+(I78*16) -> 13 | P78: =(I78*4)+INT(J78/2) -> 3 | Q78: =V78 -> 1 | R78: =(MOD(L78,4)*100)+(M78*10)+N78 -> 0 | S78: =(MOD(K78,2)*2)+INT(L78/4) -> 0 | T78: =MOD(INT(K78/2),2) -> 1 | U78: =INT(J78/2) -> 3 | V78: =(MOD(J78,2)*2)+INT(K78/4) -> 1 | W78: =(MOD(K78,4)*2)+INT(L78/4) -> 4 | X78: =MOD(L78,4) -> 0 | Y78: =INT(M78/2) -> 0 | Z78: =MOD(M78,2) -> 0 | AA78: =N78 -> 0 | AB78: =IF(S78=0,AC78,IF(S78=1,IF(AD78="********",AF78,AD78),AF78&","&TEXT(S78,"0"))) -> 0 | AC78: =_xlfn.XLOOKUP(R78,Sheet2!$H$3:$H$258,Sheet2!$I$3:$I$258,"-----") -> 0 | AD78: =_xlfn.XLOOKUP(VALUE(AE78),Sheet2!$N$3:$N$1000,Sheet2!$O$3:$O$1000,"********") -> ******** | AE78: =IF(VALUE(AF78)<0,DEC2OCT(OCT2DEC(VALUE(C78))-OCT2DEC(-VALUE(AF78))),DEC2OCT(OCT2DEC(VALUE(C78))+OCT2DEC(VALUE(AF78)))) -> 147 | AF78: =IF(R78<200,"+"&TEXT(R78,"0"),"-"&TEXT(_xlfn.XLOOKUP(R78,Sheet2!$K$3:$K$130,Sheet2!$L$3:$L$130,"-----"),"0")) -> +0 | AG78: =IF(T78=1,"@","") -> @ | AH78: =IF(Q78=0,"JMP "&AJ78, IF(Q78=1,"JSR "&AJ78,IF(Q78=2,"ISZ "&AJ78,"DSZ "&AJ78))) -> JSR @0 | AI78: =TEXT(Q78,"0")&","&AG78&AB78 -> 1,@0 | AJ78: =AG78&AB78 -> @0 | AK78: =AL78&AN78&AM78&AO78&" "&TEXT(U78,"0")&","&TEXT(V78,"0")&AP78 -> ADC 3,1 | AL78: =IF(W78=0,"COM",IF(W78=1,"NEG",IF(W78=2,"MOV",IF(W78=3,"INC",IF(W78=4,"ADC",IF(W78=5,"SUB",IF(W78=6,"ADD","AND"))))))) -> ADC | AM78: =IF(X78=0,"",IF(X78=1,"L",IF(X78=2,"R","S"))) | AN78: =IF(Y78=0,"",IF(Y78=1,"Z",IF(Y78=2,"O","C"))) | AO78: =IF(Z78=1,"#","") | AP78: =IF(AA78=0,"",IF(AA78=1,",SKP",IF(AA78=2,",SZC",IF(AA78=3,",SNC",IF(AA78=4,",SZR",IF(AA78=5,",SNR",IF(AA78=6,",SEZ",",SBN"))))))) | AQ78: =_xlfn.XLOOKUP(D78,Sheet2!$E$3:$E$101,Sheet2!$F$3:$F$101,"******************") -> ****************** | AR78: =IF(AY78=0,"NIO"&AV78&" "&AX78,IF(AY78=7,AZ78&" "&AX78,AS78&" "&TEXT(AT78,"0")&","&AX78)) -> DOB 1,0 | AS78: =IF(AY78=1,"DIA"&AV78,IF(AY78=2,"DOA"&AV78,IF(AY78=3,"DIB"&AV78,IF(AY78=4,"DOB"&AV78,IF(AY78=5,"DIC"&AV78,"DOC"&AV78))))) -> DOB | AT78: =V78 -> 1 | AU78: =X78 -> 0 | AV78: =IF(AU78=0,"",IF(AU78=1,"S",IF(AU78=2,"C","P"))) | AW78: =M78*10+N78 -> 0 | AX78: =_xlfn.XLOOKUP(AW78,Sheet2!$Q$3:$Q$66,Sheet2!$R$3:$R$66,"**") -> 0 | AY78: =W78 -> 4 | AZ78: =IF(AU78=0,"SKPBN",IF(AU78=1,"SKPBZ",IF(AU78=2,"SKPDN","SKPDZ"))) -> SKPBN
