Workbook

Sheet Sheet1
B2: Addr | C2: Data
A3: 1 | B3: 3 | C3: 151515
A4: =A3+1 -> 2 | B4: =IF(MOD(B3,10)=7,B3+3,B3+1) -> 4 | C4: 121212
A5: =A4+1 -> 3 | B5: =IF(MOD(B4,10)=7,B4+3,B4+1) -> 5 | C5: 30303
A6: =A5+1 -> 4 | B6: =IF(MOD(B5,10)=7,B5+3,B5+1) -> 6 | C6: 141414
A7: =A6+1 -> 5 | B7: =IF(MOD(B6,10)=7,B6+3,B6+1) -> 7 | C7: 70707
A8: =A7+1 -> 6 | B8: =IF(MOD(B7,10)=7,B7+3,B7+1) -> 10 | C8: 101010
A9: =A8+1 -> 7 | B9: =IF(MOD(B8,10)=7,B8+3,B8+1) -> 11 | C9: 10101
A10: =A9+1 -> 8 | B10: =IF(MOD(B9,10)=7,B9+3,B9+1) -> 12 | C10: 121212
A11: =A10+1 -> 9 | B11: =IF(MOD(B10,10)=7,B10+3,B10+1) -> 13 | C11: 30303
A12: =A11+1 -> 10 | B12: =IF(MOD(B11,10)=7,B11+3,B11+1) -> 14 | C12: 141414
A13: =A12+1 -> 11 | B13: =IF(MOD(B12,10)=7,B12+3,B12+1) -> 15 | C13: 0
A14: =A13+1 -> 12 | B14: =IF(MOD(B13,10)=7,B13+3,B13+1) -> 16 | C14: 0
A15: =A14+1 -> 13 | B15: =IF(MOD(B14,10)=7,B14+3,B14+1) -> 17 | C15: 0
... A21: =A20+1 -> 19 | B21: =IF(MOD(B20,10)=7,B20+3,B20+1) -> 25 | C21: 151515
A22: =A21+1 -> 20 | B22: 27 | C22: 172727
A23: =A22+1 -> 21 | B23: =IF(MOD(B22,10)=7,B22+3,B22+1) -> 30 | C23: 30303
A24: =A23+1 -> 22 | B24: =IF(MOD(B23,10)=7,B23+3,B23+1) -> 31 | C24: 122222
A25: =A24+1 -> 23 | B25: 50 | C25: 152525
A26: =A25+1 -> 24 | B26: 250 | C26: 53535
A27: =A26+1 -> 25 | B27: 177777 | C27: 177777

Sheet Sheet2
A1: =Sheet1!B3 -> 3 | B1: =Sheet1!C3 -> 151515
A2: =Sheet1!B4 -> 4 | B2: =Sheet1!C4 -> 121212
A3: =Sheet1!B5 -> 5 | B3: =Sheet1!C5 -> 30303
A4: =Sheet1!B6 -> 6 | B4: =Sheet1!C6 -> 141414
A5: =Sheet1!B7 -> 7 | B5: =Sheet1!C7 -> 70707
A6: =Sheet1!B8 -> 10 | B6: =Sheet1!C8 -> 101010
A7: =Sheet1!B9 -> 11 | B7: =Sheet1!C9 -> 10101
A8: =Sheet1!B10 -> 12 | B8: =Sheet1!C10 -> 121212
A9: =Sheet1!B11 -> 13 | B9: =Sheet1!C11 -> 30303
A10: =Sheet1!B12 -> 14 | B10: =Sheet1!C12 -> 141414
A11: =Sheet1!B13 -> 15 | B11: 150
A12: =Sheet1!B14 -> 16 | B12: 160
A13: =Sheet1!B15 -> 17 | B13: 170
A14: =Sheet1!B16 -> 20 | B14: 200
A15: =Sheet1!B17 -> 21 | B15: 210
A16: =Sheet1!B18 -> 22 | B16: 220
A17: =Sheet1!B19 -> 23 | B17: 230
A18: =Sheet1!B20 -> 24 | B18: 240
A19: =Sheet1!B21 -> 25 | B19: =Sheet1!C21 -> 151515
A20: =Sheet1!B22 -> 27 | B20: =Sheet1!C22 -> 172727
A21: =Sheet1!B23 -> 30 | B21: =Sheet1!C23 -> 30303
A22: =Sheet1!B24 -> 31 | B22: =Sheet1!C24 -> 122222
A23: =Sheet1!B25 -> 50 | B23: =Sheet1!C25 -> 152525
A24: 500 | B24: 63077
A25: =Sheet1!B27 -> 177777 | B25: 500
